date,country,node,geoNode,status,nodeType,voltage,activeLoad,reactiveLoad,activePowerMW,reactivePowerMVar,minGenMW,maxGenMWminGenVar,maxGenVar,primCtrl%,nomPowerPrimCtrlMW,shortCircuitPowerMVar,XR_Ratio,plantType
2007-05-01,IT,ICINR121,A.CINEC.FL,0,0,227.95,79.6,-27.3,0.0,0.0,0.0,0.0,0.0,0.0,0.0,0.0,,,
2007-05-01,IT,IAFKR121,A.FLAM.AL,0,0,228.60,0.0,0.0,0.0,0.0,0.0,0.0,0.0,0.0,0.0,0.0,,,
2007-05-01,IT,IAFLR121,A.FLAMI.OS,0,0,228.68,93.0,-144.1,0.0,0.0,0.0,0.0,0.0,0.0,0.0,0.0,,,
2007-05-01,IT,IPDAR121,A.P.DANTE,0,0,227.64,29.4,1.8,0.0,0.0,0.0,0.0,0.0,0.0,0.0,0.0,,,
2007-05-01,IT,ISPAR121,A.S.PAOLO,0,0,227.60,42.1,-0.2,0.0,0.0,0.0,0.0,0.0,0.0,0.0,0.0,,,
2007-05-01,IT,ITIBR121,A.TIBURTIN,0,0,227.64,43.4,2.8,0.0,0.0,0.0,0.0,0.0,0.0,0.0,0.0,,,
2007-05-01,IT,IABDR12Z,ABBADIA,0,0,220.00,0.0,0.0,0.0,0.0,0.0,0.0,0.0,0.0,0.0,0.0,,,
2007-05-01,IT,IABKR12Z,ABBADIA NK,0,0,220.00,0.0,0.0,0.0,0.0,0.0,0.0,0.0,0.0,0.0,0.0,,,
2007-05-01,IT,IAVAV121,AC.BELT NK,0,0,234.10,0.0,0.0,0.0,0.0,0.0,0.0,0.0,0.0,0.0,0.0,,,
2007-05-01,IT,IABSV121,AC.BERTOLI,0,0,235.83,9.2,-4.5,0.0,0.0,0.0,0.0,0.0,0.0,0.0,0.0,,,
2007-05-01,IT,IABSV12M,AC.BERTOLI,0,0,235.41,0.0,0.0,0.0,0.0,0.0,0.0,0.0,0.0,0.0,0.0,,,
2007-05-01,IT,IACBV121,AC.VALB.BZ,0,0,227.29,14.3,28.8,0.0,0.0,0.0,0.0,0.0,0.0,0.0,0.0,,,
2007-05-01,IT,IAVBV121,AC.VALB.VI,0,0,234.08,37.3,15.0,0.0,0.0,0.0,0.0,0.0,0.0,0.0,0.0,,,
2007-05-01,IT,IAVEV121,AC.VEN.220,0,0,233.79,109.6,54.0,0.0,0.0,0.0,0.0,0.0,0.0,0.0,0.0,,,
2007-05-01,IT,IAVRV121,AC.VERONA,0,0,236.55,26.2,-2.7,0.0,0.0,0.0,0.0,0.0,0.0,0.0,0.0,,,
2007-05-01,IT,IABAV121,ACC. BZ NK,0,0,227.33,0.0,0.0,0.0,0.0,0.0,0.0,0.0,0.0,0.0,0.0,,,
2007-05-01,IT,IACIF111,ACCIAIOLO,0,0,407.41,165.3,53.8,0.0,0.0,0.0,0.0,0.0,0.0,0.0,0.0,,,
2007-05-01,IT,IAEPT111,ACEA LEYNI,0,2,403.84,0.0,0.0,-24.0,89.1,-163.0,-391.0,203.1,-367.2,5.0,392.0,,,
2007-05-01,IT,ISOGN12Z,ACERRA ENE,0,0,220.00,0.0,0.0,0.0,0.0,0.0,0.0,0.0,0.0,0.0,0.0,,,
2007-05-01,IT,IACSN121,ACERRA SM,0,0,229.61,0.0,0.0,0.0,0.0,0.0,0.0,0.0,0.0,0.0,0.0,,,
2007-05-01,IT,IADSV111,ADRIA SUD,0,0,407.18,-16.0,11.2,0.0,0.0,0.0,0.0,0.0,0.0,0.0,0.0,,,
2007-05-01,IT,IAQAV121,AIRL.VR NK,0,0,236.89,0.0,0.0,0.0,0.0,0.0,0.0,0.0,0.0,0.0,0.0,,,
2007-05-01,IT,IALQV121,AIRLIQ.VR,0,0,236.96,5.0,-35.0,0.0,0.0,0.0,0.0,0.0,0.0,0.0,0.0,,,
2007-05-01,IT,IALAV121,ALA,0,2,236.28,0.0,0.0,-24.1,-5.1,-10.0,-50.0,32.0,-43.8,6.0,50.0,,,
2007-05-01,IT,IAVON12Z,ALFA A. UT,0,0,220.00,0.0,0.0,0.0,0.0,0.0,0.0,0.0,0.0,0.0,0.0,,,
2007-05-01,IT,IAAVN121,ALFA AVIO,0,0,229.63,0.0,0.0,0.0,0.0,0.0,0.0,0.0,0.0,0.0,0.0,,,
2007-05-01,IT,IALIN111,ALIANO,0,0,399.19,-2.5,-58.9,0.0,0.0,0.0,0.0,0.0,0.0,0.0,0.0,,,
2007-05-01,IT,IALCN111,ALTOMON.CE,0,2,398.26,0.0,0.0,-208.6,-19.6,-152.0,-254.0,111.2,-240.7,4.0,253.7,,,
2007-05-01,IT,IALCN211,ALTOMON.CE,0,2,398.26,0.0,0.0,-208.6,-19.6,-152.0,-254.0,111.2,-240.7,4.0,253.7,,,
2007-05-01,IT,IALCN311,ALTOMON.CE,0,2,398.26,0.0,0.0,-234.8,-16.9,-83.0,-276.0,81.1,-218.6,5.0,276.5,,,
2007-05-01,IT,IALSN111,ALTOMONTE,0,0,398.24,0.0,0.0,0.0,0.0,0.0,0.0,0.0,0.0,0.0,0.0,,,
2007-05-01,IT,IANRN111,ANDRIA,0,0,393.04,25.2,72.4,0.0,0.0,0.0,0.0,0.0,0.0,0.0,0.0,,,
2007-05-01,IT,IASGR111,APRIL.SORG,0,2,395.22,0.0,0.0,-235.1,-44.1,-33.0,-531.0,208.3,-273.9,5.0,531.0,,,
2007-05-01,IT,IAPLR111,APRILIA380,0,0,395.17,0.0,0.0,0.0,0.0,0.0,0.0,0.0,0.0,0.0,0.0,,,
2007-05-01,IT,IARBT121,ARBARELLO,0,0,232.92,5.9,-1.0,0.0,0.0,0.0,0.0,0.0,0.0,0.0,0.0,,,
2007-05-01,IT,IAROVA21,ARCO,0,0,233.86,27.7,14.8,0.0,0.0,0.0,0.0,0.0,0.0,0.0,0.0,,,
2007-05-01,IT,IARNN121,ARENELLA,0,0,229.83,49.1,3.8,0.0,0.0,0.0,0.0,0.0,0.0,0.0,0.0,,,
2007-05-01,IT,IARCF121,AREZZO C,0,0,231.92,0.0,0.0,0.0,0.0,0.0,0.0,0.0,0.0,0.0,0.0,,,
2007-05-01,IT,IARCFA21,AREZZO C,0,0,231.92,0.0,0.0,0.0,0.0,0.0,0.0,0.0,0.0,0.0,0.0,,,
2007-05-01,IT,IISPM111,ARVEDI ST,0,0,409.46,467.8,-34.8,0.0,0.0,0.0,0.0,0.0,0.0,0.0,0.0,,,
2007-05-01,IT,IASTN121,ASTRONI,0,0,230.02,23.3,4.3,0.0,0.0,0.0,0.0,0.0,0.0,0.0,0.0,,,
2007-05-01,IT,IAURR21Z,AURELIA,0,0,400.00,0.0,0.0,0.0,0.0,0.0,0.0,0.0,0.0,0.0,0.0,,,
2007-05-01,IT,IAURRA11,AURELIA,0,0,397.65,0.0,255.0,0.0,0.0,0.0,0.0,0.0,0.0,0.0,0.0,,,
2007-05-01,IT,IAUZV12Z,AURONZO,0,0,220.00,0.0,0.0,0.0,0.0,0.0,0.0,0.0,0.0,0.0,0.0,,,
2007-05-01,IT,IAUZV22Z,AURONZO,0,0,220.00,0.0,0.0,0.0,0.0,0.0,0.0,0.0,0.0,0.0,0.0,,,
2007-05-01,IT,IAUKV12Z,AURONZO NK,0,0,220.00,0.0,0.0,0.0,0.0,0.0,0.0,0.0,0.0,0.0,0.0,,,
2007-05-01,IT,IAVNN111,AVELLINO N,0,0,399.67,0.0,0.0,0.0,0.0,0.0,0.0,0.0,0.0,0.0,0.0,,,
2007-05-01,IT,IAVNF121,AVENZA,0,0,236.74,92.8,7.0,0.0,0.0,0.0,0.0,0.0,0.0,0.0,0.0,,,
2007-05-01,IT,IAVRN121,AVERSA,0,0,229.38,24.9,1.3,0.0,0.0,0.0,0.0,0.0,0.0,0.0,0.0,,,
2007-05-01,IT,IAVITA21,AVISE,0,0,237.72,0.0,0.0,0.0,0.0,0.0,0.0,0.0,0.0,0.0,0.0,,,
2007-05-01,IT,IAZTVA21,AZOTATI,0,0,234.64,1.1,-2.1,0.0,0.0,0.0,0.0,0.0,0.0,0.0,0.0,,,
2007-05-01,IT,IBVZV121,B.VALS.ZI,0,0,230.87,67.6,41.4,0.0,0.0,0.0,0.0,0.0,0.0,0.0,0.0,,,
2007-05-01,IT,IBAGM111,BAGGIO,0,0,409.97,197.9,-32.3,0.0,0.0,0.0,0.0,0.0,0.0,0.0,0.0,,,
2007-05-01,IT,IBAGM121,BAGGIO,0,0,241.70,0.0,0.0,0.0,0.0,0.0,0.0,0.0,0.0,0.0,0.0,,,
2007-05-01,IT,IBAGM122,BAGGIO,0,0,235.73,0.0,0.0,0.0,0.0,0.0,0.0,0.0,0.0,0.0,0.0,,,
2007-05-01,IT,IBALT121,BALZOLA,0,0,231.45,64.6,8.2,0.0,0.0,0.0,0.0,0.0,0.0,0.0,0.0,,,
2007-05-01,IT,IBASF111,BARGI,0,0,406.84,0.0,0.0,0.0,0.0,0.0,0.0,0.0,0.0,0.0,0.0,,,
2007-05-01,IT,IBARF11Z,BARGI CENT,0,0,400.00,0.0,0.0,0.0,0.0,0.0,0.0,0.0,0.0,0.0,0.0,,,
2007-05-01,IT,IBARF21Z,BARGI CENT,0,0,400.00,0.0,0.0,0.0,0.0,0.0,0.0,0.0,0.0,0.0,0.0,,,
2007-05-01,IT,IBAON111,BARI O,0,0,398.01,-80.5,21.4,0.0,0.0,0.0,0.0,0.0,0.0,0.0,0.0,,,
2007-05-01,IT,IBLSNA11,BELCAS.380,0,0,395.91,-0.8,-6.7,0.0,0.0,0.0,0.0,0.0,0.0,0.0,0.0,,,
2007-05-01,IT,IABEV121,BELTRAME,0,0,234.09,141.4,2.4,0.0,0.0,0.0,0.0,0.0,0.0,0.0,0.0,,,
2007-05-01,IT,IBLVMA21,BELVISO,0,2,233.27,0.0,0.0,-0.9,-2.8,0.0,-65.0,29.6,-55.6,4.0,65.0,,,
2007-05-01,IT,IBN2N111,BENEVEN. 2,0,0,399.43,23.2,-42.7,0.0,0.0,0.0,0.0,0.0,0.0,0.0,0.0,,,
2007-05-01,IT,IBN3N111,BENEVEN.3,0,0,399.62,-67.8,-71.5,0.0,0.0,0.0,0.0,0.0,0.0,0.0,0.0,,,
2007-05-01,IT,IBIET121,BIELLA EST,0,0,233.09,40.0,-2.7,0.0,0.0,0.0,0.0,0.0,0.0,0.0,0.0,,,
2007-05-01,IT,IBSAN111,BISAC.380,0,0,401.07,-11.9,-87.9,0.0,0.0,0.0,0.0,0.0,0.0,0.0,0.0,,,
2007-05-01,IT,IBSAN11Z,BISAC.380,0,0,400.00,0.0,0.0,0.0,0.0,0.0,0.0,0.0,0.0,0.0,0.0,,,
2007-05-01,IT,IBISTA21,BISTAGNO,0,0,234.40,-13.6,14.0,0.0,0.0,0.0,0.0,0.0,0.0,0.0,0.0,,,
2007-05-01,IT,IBOAV121,BOAZZO,0,0,234.45,0.0,0.0,0.0,0.0,0.0,0.0,0.0,0.0,0.0,0.0,,,
2007-05-01,IT,IBLNN11Z,BOLANO,0,0,400.00,0.0,0.0,0.0,0.0,0.0,0.0,0.0,0.0,0.0,0.0,,,
2007-05-01,IT,IBLNN21Z,BOLANO,0,0,400.00,0.0,0.0,0.0,0.0,0.0,0.0,0.0,0.0,0.0,0.0,,,
2007-05-01,IT,IBLNN31Z,BOLANO,0,0,400.00,0.0,0.0,0.0,0.0,0.0,0.0,0.0,0.0,0.0,0.0,,,
2007-05-01,IT,IBLNN41Z,BOLANO,0,0,400.00,0.0,0.0,0.0,0.0,0.0,0.0,0.0,0.0,0.0,0.0,,,
2007-05-01,IT,IBLNNF11,BOLANO,0,0,404.99,-670.7,-39.0,0.0,0.0,0.0,0.0,0.0,0.0,0.0,0.0,,,
2007-05-01,IT,IBZEVA21,BOLZANO,0,0,240.31,13.8,8.1,0.0,0.0,0.0,0.0,0.0,0.0,0.0,0.0,,,
2007-05-01,IT,IBVSV121,BORGOVALSU,0,0,230.94,13.2,-9.0,0.0,0.0,0.0,0.0,0.0,0.0,0.0,0.0,,,
2007-05-01,IT,IBOVM111,BOVISIO,0,0,411.54,311.0,-62.2,0.0,0.0,0.0,0.0,0.0,0.0,0.0,0.0,,,
2007-05-01,IT,IBRAN111,BRIALL,0,0,391.96,0.0,0.0,0.0,0.0,0.0,0.0,0.0,0.0,0.0,0.0,,,
2007-05-01,IT,IBSCN111,BRIN. S CE,0,2,393.52,9.2,12.6,-366.3,-72.0,-205.0,-660.0,222.1,-387.3,5.0,660.0,,,
2007-05-01,IT,IBSCN211,BRIN. S CE,0,0,392.77,0.2,-7.5,0.0,0.0,0.0,0.0,0.0,0.0,0.0,0.0,,,
2007-05-01,IT,IBSCN311,BRIN. S CE,0,0,392.61,8.8,9.4,0.0,0.0,0.0,0.0,0.0,0.0,0.0,0.0,,,
2007-05-01,IT,IBSCN411,BRIN. S CE,0,2,393.50,9.9,7.1,-221.7,-78.9,-205.0,-660.0,260.3,-382.5,5.0,660.0,,,
2007-05-01,IT,IBSSN111,BRIN. S ST,0,0,392.67,-36.0,224.5,0.0,0.0,0.0,0.0,0.0,0.0,0.0,0.0,,,
2007-05-01,IT,IBRIN311,BRINDISI,0,2,392.43,0.0,0.0,0.1,55.1,0.0,0.0,125.0,-290.0,0.0,0.0,,,
2007-05-01,IT,IBRIN411,BRINDISI,0,2,392.43,0.0,0.0,0.1,56.4,0.0,0.0,125.0,-290.0,0.0,0.0,,,
2007-05-01,IT,IBRINA11,BRINDISI,0,0,392.48,-25.5,-71.7,0.0,0.0,0.0,0.0,0.0,0.0,0.0,0.0,,,
2007-05-01,IT,IBRINA2Z,BRINDISI,0,0,220.00,0.0,0.0,0.0,0.0,0.0,0.0,0.0,0.0,0.0,0.0,,,
2007-05-01,IT,IBRNN111,BRINDISI N,0,2,391.65,0.0,0.0,-0.1,116.5,0.0,0.0,302.3,-579.6,0.0,0.0,,,
2007-05-01,IT,IBRNN12Z,BRINDISI N,0,0,220.00,0.0,0.0,0.0,0.0,0.0,0.0,0.0,0.0,0.0,0.0,,,
2007-05-01,IT,IVEAM121,BRUGH. AL,0,0,240.64,0.0,0.0,0.0,0.0,0.0,0.0,0.0,0.0,0.0,0.0,,,
2007-05-01,IT,IBRUM111,BRUGHERIO,0,0,410.97,254.3,-9.7,0.0,0.0,0.0,0.0,0.0,0.0,0.0,0.0,,,
2007-05-01,IT,IBRUM121,BRUGHERIO,0,0,241.03,0.0,0.0,0.0,0.0,0.0,0.0,0.0,0.0,0.0,0.0,,,
2007-05-01,IT,IBRUM122,BRUGHERIO,0,0,236.29,0.0,0.0,0.0,0.0,0.0,0.0,0.0,0.0,0.0,0.0,,,
2007-05-01,IT,IBRSN121,BRUSCIANO,0,0,229.52,22.1,1.7,0.0,0.0,0.0,0.0,0.0,0.0,0.0,0.0,,,
2007-05-01,IT,IBUIV121,BUIA,0,0,231.96,0.0,0.0,0.0,0.0,0.0,0.0,0.0,0.0,0.0,0.0,,,
2007-05-01,IT,IBULM111,BULCIAGO,0,0,412.92,426.9,-55.9,0.0,0.0,0.0,0.0,0.0,0.0,0.0,0.0,,,
2007-05-01,IT,IBUSVA21,BUSSOL. SS,0,0,236.56,94.8,-52.0,0.0,0.0,0.0,0.0,0.0,0.0,0.0,0.0,,,
2007-05-01,IT,ICAGMA11,CAGNO,0,0,412.01,134.8,-11.7,0.0,0.0,0.0,0.0,0.0,0.0,0.0,0.0,,,
2007-05-01,IT,ICAIN121,CAIVANO,0,0,229.26,49.0,8.9,0.0,0.0,0.0,0.0,0.0,0.0,0.0,0.0,,,
2007-05-01,IT,ICALF111,CALENZANO,0,0,406.53,296.9,12.1,0.0,0.0,0.0,0.0,0.0,0.0,0.0,0.0,,,
2007-05-01,IT,ICALF121,CALENZANO,0,0,234.89,0.0,0.0,0.0,0.0,0.0,0.0,0.0,0.0,0.0,0.0,,,
2007-05-01,IT,ICAMV111,CAMIN,0,0,408.21,211.2,-120.7,0.0,0.0,0.0,0.0,0.0,0.0,0.0,0.0,,,
2007-05-01,IT,ICAMV121,CAMIN,0,0,233.87,96.2,-9.2,0.0,0.0,0.0,0.0,0.0,0.0,0.0,0.0,,,
2007-05-01,IT,ICMOM121,CAMPO MORO,0,0,220.00,0.0,0.0,0.0,0.0,0.0,0.0,0.0,0.0,0.0,0.0,,,
2007-05-01,IT,ICMOM12M,CAMPO MORO,0,0,240.43,0.0,0.0,0.0,0.0,0.0,0.0,0.0,0.0,0.0,0.0,,,
2007-05-01,IT,ICCHT121,CAMPOCHIES,0,0,235.18,84.5,-8.2,0.0,0.0,0.0,0.0,0.0,0.0,0.0,0.0,,,
2007-05-01,IT,ICMPTA21,CAMPOROSSO,0,0,236.94,58.0,3.1,0.0,0.0,0.0,0.0,0.0,0.0,0.0,0.0,,,
2007-05-01,IT,ICMPTA22,CAMPOROSSO,0,0,237.16,0.0,0.0,0.0,0.0,0.0,0.0,0.0,0.0,0.0,0.0,,,
2007-05-01,IT,ICDLN111,CANDELA,0,2,397.04,0.0,0.0,-353.2,-17.9,-192.8,-390.0,129.9,-290.0,4.3,390.0,,,
2007-05-01,IT,ICANR111,CANDIA,0,0,400.00,0.0,0.0,0.0,0.0,0.0,0.0,0.0,0.0,0.0,0.0,,,
2007-05-01,IT,ICANR11M,CANDIA,0,0,400.65,0.0,0.0,0.0,0.0,0.0,0.0,0.0,0.0,0.0,0.0,,,
2007-05-01,IT,ICANR11N,CANDIA,0,0,400.65,0.0,0.0,0.0,0.0,0.0,0.0,0.0,0.0,0.0,0.0,,,
2007-05-01,IT,ICANR311,CANDIA,0,0,400.65,0.0,0.0,0.0,0.0,0.0,0.0,0.0,0.0,0.0,0.0,,,
2007-05-01,IT,ICANRA11,CANDIA,0,0,400.65,120.2,3.7,0.0,0.0,0.0,0.0,0.0,0.0,0.0,0.0,,,
2007-05-01,IT,ICANR12Z,CANDIA,0,0,220.00,0.0,0.0,0.0,0.0,0.0,0.0,0.0,0.0,0.0,0.0,,,
2007-05-01,IT,ICANRA2Z,CANDIA,0,0,220.00,0.0,0.0,0.0,0.0,0.0,0.0,0.0,0.0,0.0,0.0,,,
2007-05-01,IT,ICAOM111,CAORSO,0,0,408.86,0.0,0.0,0.0,0.0,0.0,0.0,0.0,0.0,0.0,0.0,,,
2007-05-01,IT,ICAPN121,CAPRIATI,0,0,228.85,0.0,0.0,0.0,0.0,0.0,0.0,0.0,0.0,0.0,0.0,,,
2007-05-01,IT,ICARV121,CARDANO,0,0,229.55,-41.5,-62.3,0.0,0.0,0.0,0.0,0.0,0.0,0.0,0.0,,,
2007-05-01,IT,ICRCV121,CARDANO CE,0,0,229.55,0.0,0.0,0.0,0.0,0.0,0.0,0.0,0.0,0.0,0.0,,,
2007-05-01,IT,ICRCV122,CARDANO CE,0,0,229.55,-0.0,-0.0,0.0,0.0,0.0,0.0,0.0,0.0,0.0,0.0,,,
2007-05-01,IT,ICAKV121,CARDANO NK,0,0,228.16,0.0,0.0,0.0,0.0,0.0,0.0,0.0,0.0,0.0,0.0,,,
2007-05-01,IT,ICFOF111,CARPI FOSS,0,0,407.66,161.7,38.3,0.0,0.0,0.0,0.0,0.0,0.0,0.0,0.0,,,
2007-05-01,IT,ICLNN111,CAS/ETA380,0,0,397.39,-1.4,-11.3,0.0,0.0,0.0,0.0,0.0,0.0,0.0,0.0,,,
2007-05-01,IT,ICSVN121,CASALNUOVO,0,0,229.72,27.9,-3.3,0.0,0.0,0.0,0.0,0.0,0.0,0.0,0.0,,,
2007-05-01,IT,ICSNT111,CASANOVA,0,0,405.46,150.9,14.4,0.0,0.0,0.0,0.0,0.0,0.0,0.0,0.0,,,
2007-05-01,IT,ICSNT121,CASANOVA,0,0,232.64,0.0,0.0,0.0,0.0,0.0,0.0,0.0,0.0,0.0,0.0,,,
2007-05-01,IT,ICSNT12M,CASANOVA,0,0,234.80,0.0,0.0,0.0,0.0,0.0,0.0,0.0,0.0,0.0,0.0,,,
2007-05-01,IT,ILCZM11Z,CASELLA ST,0,0,400.00,0.0,0.0,0.0,0.0,0.0,0.0,0.0,0.0,0.0,0.0,,,
2007-05-01,IT,ILCZMA11,CASELLA ST,0,0,407.60,11.1,-0.9,0.0,0.0,0.0,0.0,0.0,0.0,0.0,0.0,,,
2007-05-01,IT,ICSLFA11,CASELLINA,0,0,406.75,100.6,84.6,0.0,0.0,0.0,0.0,0.0,0.0,0.0,0.0,,,
2007-05-01,IT,ICSRN121,CASORIA,0,0,229.48,73.8,15.2,0.0,0.0,0.0,0.0,0.0,0.0,0.0,0.0,,,
2007-05-01,IT,ICS2N121,CASORIA 2,0,0,229.86,21.3,-1.2,0.0,0.0,0.0,0.0,0.0,0.0,0.0,0.0,,,
2007-05-01,IT,ICSSM111,CASSANO,0,0,413.57,0.0,0.0,0.0,0.0,0.0,0.0,0.0,0.0,0.0,0.0,,,
2007-05-01,IT,ICSSM211,CASSANO,0,0,413.57,0.0,0.0,0.0,0.0,0.0,0.0,0.0,0.0,0.0,0.0,,,
2007-05-01,IT,ICSSM311,CASSANO,0,0,413.57,0.0,0.0,0.0,0.0,0.0,0.0,0.0,0.0,0.0,0.0,,,
2007-05-01,IT,ICSSM12Z,CASSANO,0,0,220.00,0.0,0.0,0.0,0.0,0.0,0.0,0.0,0.0,0.0,0.0,,,
2007-05-01,IT,ICSSM221,CASSANO,0,0,241.31,0.0,0.0,0.0,0.0,0.0,0.0,0.0,0.0,0.0,0.0,,,
2007-05-01,IT,ICSSMA21,CASSANO,0,0,241.38,0.0,0.0,0.0,0.0,0.0,0.0,0.0,0.0,0.0,0.0,,,
2007-05-01,IT,ICSAMA21,CASSANO CS,0,0,238.89,0.0,0.0,0.0,0.0,0.0,0.0,0.0,0.0,0.0,0.0,,,
2007-05-01,IT,ICAGV121,CASTEGNERO,0,0,235.10,21.5,5.9,0.0,0.0,0.0,0.0,0.0,0.0,0.0,0.0,,,
2007-05-01,IT,ICBEV121,CASTELBELL,0,2,242.32,13.2,12.9,-23.4,-4.5,0.0,-72.0,48.0,-77.5,6.0,72.0,,,
2007-05-01,IT,ICASN121,CASTELL.,0,0,229.90,85.5,9.7,0.0,0.0,0.0,0.0,0.0,0.0,0.0,0.0,,,
2007-05-01,IT,ICTNT111,CASTELN.S,0,0,406.49,130.6,-12.6,0.0,0.0,0.0,0.0,0.0,0.0,0.0,0.0,,,
2007-05-01,IT,ICAVV121,CAVILLA,0,2,233.93,0.0,0.0,-5.0,6.2,-6.0,-24.0,22.0,-32.0,4.0,24.0,,,
2007-05-01,IT,ICVAV121,CAVILLA NK,0,0,233.93,0.0,0.0,0.0,0.0,0.0,0.0,0.0,0.0,0.0,0.0,,,
2007-05-01,IT,ICDGM121,CEDEG. SUD,0,0,230.57,-37.2,85.1,0.0,0.0,0.0,0.0,0.0,0.0,0.0,0.0,,,
2007-05-01,IT,ICMDN121,CEMENT.MAD,0,0,229.39,0.0,1.3,0.0,0.0,0.0,0.0,0.0,0.0,0.0,0.0,,,
2007-05-01,IT,ICTEN12Z,CEN.EN.TEV,0,0,220.00,0.0,0.0,0.0,0.0,0.0,0.0,0.0,0.0,0.0,0.0,,,
2007-05-01,IT,ICEPR111,CEPAGATTI,0,0,392.23,0.0,-283.6,0.0,0.0,0.0,0.0,0.0,0.0,0.0,0.0,,,
2007-05-01,IT,ICEPR211,CEPAGATTI,0,0,392.38,0.0,0.0,0.0,0.0,0.0,0.0,0.0,0.0,0.0,0.0,,,
2007-05-01,IT,ICEPR121,CEPAGATTI,0,0,184.25,612.0,306.0,0.0,0.0,0.0,0.0,0.0,0.0,0.0,0.0,,,
2007-05-01,IT,ICEPR22Z,CEPAGATTI,0,0,205.00,0.0,0.0,0.0,0.0,0.0,0.0,0.0,0.0,0.0,0.0,,,
2007-05-01,IT,ICPNR111,CEPRANO380,0,0,396.86,144.6,-15.2,0.0,0.0,0.0,0.0,0.0,0.0,0.0,0.0,,,
2007-05-01,IT,ICESMA21,CESANO M.,0,0,233.04,-0.2,59.5,0.0,0.0,0.0,0.0,0.0,0.0,0.0,0.0,,,
2007-05-01,IT,ICHZT121,CHATILL.SE,0,0,236.31,36.7,10.5,0.0,0.0,0.0,0.0,0.0,0.0,0.0,0.0,,,
2007-05-01,IT,ICHRM111,CHIARI ST,0,0,413.31,145.5,-0.1,0.0,0.0,0.0,0.0,0.0,0.0,0.0,0.0,,,
2007-05-01,IT,ICHPM111,CHIGNOLO,0,0,408.02,0.0,0.0,0.0,0.0,0.0,0.0,0.0,0.0,0.0,0.0,,,
2007-05-01,IT,ICHTT111,CHIVAS. CE,0,2,406.45,0.0,0.0,-727.1,-65.3,-492.0,-860.0,275.3,-528.2,5.0,861.0,,,
2007-05-01,IT,ICHTT121,CHIVAS. CE,0,2,231.31,0.0,0.0,-260.5,106.6,-245.0,-412.0,237.3,-450.8,5.0,412.0,,,
2007-05-01,IT,ICHIT111,CHIVASSO S,0,0,406.40,0.0,0.0,0.0,0.0,0.0,0.0,0.0,0.0,0.0,0.0,,,
2007-05-01,IT,ICIMVA21,CIMEGO,0,0,234.43,0.0,-1.3,0.0,0.0,0.0,0.0,0.0,0.0,0.0,0.0,,,
2007-05-01,IT,ICICV121,CIMEGO CE,0,0,234.43,0.0,0.0,0.0,0.0,0.0,0.0,0.0,0.0,0.0,0.0,,,
2007-05-01,IT,ICICV221,CIMEGO CE,0,0,234.43,0.0,0.0,0.0,0.0,0.0,0.0,0.0,0.0,0.0,0.0,,,
2007-05-01,IT,ICSEM111,CISERANO,0,0,408.10,350.8,-15.1,0.0,0.0,0.0,0.0,0.0,0.0,0.0,0.0,,,
2007-05-01,IT,ICISM111,CISLAGO,0,0,411.73,163.4,33.7,0.0,0.0,0.0,0.0,0.0,0.0,0.0,0.0,,,
2007-05-01,IT,ICISMB21,CISLAGO,0,0,239.52,86.4,3.9,0.0,0.0,0.0,0.0,0.0,0.0,0.0,0.0,,,
2007-05-01,IT,ICITV121,CITTADELLA,0,0,234.61,34.0,-3.4,0.0,0.0,0.0,0.0,0.0,0.0,0.0,0.0,,,
2007-05-01,IT,ISNDTA2Z,COFELY SET,0,0,220.00,0.0,0.0,0.0,0.0,0.0,0.0,0.0,0.0,0.0,0.0,,,
2007-05-01,IT,IDEAT121,COGNE IC,0,0,237.50,0.0,0.0,0.0,0.0,0.0,0.0,0.0,0.0,0.0,0.0,,,
2007-05-01,IT,IDELT121,COGNE UT,0,0,237.45,49.6,33.6,0.0,0.0,0.0,0.0,0.0,0.0,0.0,0.0,,,
2007-05-01,IT,ICLAVA21,COLA',0,0,236.53,0.0,0.0,0.0,0.0,0.0,0.0,0.0,0.0,0.0,0.0,,,
2007-05-01,IT,ICOAN121,COLLI AMIN,0,0,229.77,28.3,6.3,0.0,0.0,0.0,0.0,0.0,0.0,0.0,0.0,,,
2007-05-01,IT,ICLRF121,COLORNO,0,0,238.67,17.0,-5.3,0.0,0.0,0.0,0.0,0.0,0.0,0.0,0.0,,,
2007-05-01,IT,ICOLFA11,COLUNGA,0,0,406.57,176.9,-12.9,0.0,0.0,0.0,0.0,0.0,0.0,0.0,0.0,,,
2007-05-01,IT,ICOLFA21,COLUNGA,0,0,235.11,0.0,0.0,0.0,0.0,0.0,0.0,0.0,0.0,0.0,0.0,,,
2007-05-01,IT,ICONV121,CONEGLIANO,0,0,234.42,31.7,1.5,0.0,0.0,0.0,0.0,0.0,0.0,0.0,0.0,,,
2007-05-01,IT,ICRDV111,CORDIGNANO,0,0,409.93,128.4,-23.1,0.0,0.0,0.0,0.0,0.0,0.0,0.0,0.0,,,
2007-05-01,IT,ICMAM121,CORMANO,0,0,241.43,0.0,0.0,0.0,0.0,0.0,0.0,0.0,0.0,0.0,0.0,,,
2007-05-01,IT,ICRWM111,CREMONA,0,0,409.48,92.0,-13.3,0.0,0.0,0.0,0.0,0.0,0.0,0.0,0.0,,,
2007-05-01,IT,IDMNM121,DALMINE BG,0,0,239.42,0.0,0.0,0.0,0.0,0.0,0.0,0.0,0.0,0.0,0.0,,,
2007-05-01,IT,IDALM121,DALMINE ST,0,0,239.50,0.0,0.0,0.0,0.0,0.0,0.0,0.0,0.0,0.0,0.0,,,
2007-05-01,IT,IDELN111,DELICETO,0,0,396.98,-17.2,187.0,0.0,0.0,0.0,0.0,0.0,0.0,0.0,0.0,,,
2007-05-01,IT,IDGNN121,DOGANELLA,0,0,230.06,56.3,8.0,0.0,0.0,0.0,0.0,0.0,0.0,0.0,0.0,,,
2007-05-01,IT,IDOLV111,DOLO,0,0,406.95,10.1,199.8,0.0,0.0,0.0,0.0,0.0,0.0,0.0,0.0,,,
2007-05-01,IT,IDOLV121,DOLO,0,0,234.49,51.6,-3.9,0.0,0.0,0.0,0.0,0.0,0.0,0.0,0.0,,,
2007-05-01,IT,IDUSV111,DUGALE,0,0,407.91,323.2,25.8,0.0,0.0,0.0,0.0,0.0,0.0,0.0,0.0,,,
2007-05-01,IT,IDUSV121,DUGALE,0,0,235.70,0.0,0.0,0.0,0.0,0.0,0.0,0.0,0.0,0.0,0.0,,,
2007-05-01,IT,IEDOM111,EDOLO,0,0,417.83,0.0,0.0,0.0,0.0,0.0,0.0,0.0,0.0,0.0,0.0,,,
2007-05-01,IT,IEDOM112,EDOLO,0,0,417.83,0.0,0.0,0.0,0.0,0.0,0.0,0.0,0.0,0.0,0.0,,,
2007-05-01,IT,IEDOM211,EDOLO,0,0,417.82,0.0,0.0,0.0,0.0,0.0,0.0,0.0,0.0,0.0,0.0,,,
2007-05-01,IT,IEPBN111,ENIPOW. BR,0,2,391.87,48.4,68.9,-632.5,268.6,-90.0,-1134.0,493.6,-975.8,5.0,1134.0,,,
2007-05-01,IT,IECRF111,ENIPOW.RA,0,2,404.64,40.2,31.2,-452.7,14.1,-409.0,-800.0,321.1,-651.8,5.0,800.0,,,
2007-05-01,IT,IETQT111,ENTRACQUE,0,0,407.01,0.0,0.0,0.0,0.0,0.0,0.0,0.0,0.0,0.0,0.0,,,
2007-05-01,IT,IEONT111,EON L.FERR,0,2,405.52,0.0,0.0,-367.7,178.0,-240.0,-530.0,104.1,-312.8,5.0,530.0,,,
2007-05-01,IT,IECHNA11,ERCHIE,0,0,390.70,-11.6,171.7,0.0,0.0,0.0,0.0,0.0,0.0,0.0,0.0,,,
2007-05-01,IT,IERCN121,ERCOLANO,0,0,229.68,44.0,1.2,0.0,0.0,0.0,0.0,0.0,0.0,0.0,0.0,,,
2007-05-01,IT,IERZT121,ERZELLI,0,0,234.14,124.2,4.6,0.0,0.0,0.0,0.0,0.0,0.0,0.0,0.0,,,
2007-05-01,IT,IERZTA21,ERZELLI,0,0,220.00,0.0,0.0,0.0,0.0,0.0,0.0,0.0,0.0,0.0,0.0,,,
2007-05-01,IT,IERZTA2M,ERZELLI,0,0,234.14,0.0,0.0,0.0,0.0,0.0,0.0,0.0,0.0,0.0,0.0,,,
2007-05-01,IT,IFADVA21,FADALTO,0,0,234.46,0.0,0.0,0.0,0.0,0.0,0.0,0.0,0.0,0.0,0.0,,,
2007-05-01,IT,IFNOR111,FANO E.T.,0,0,403.80,102.8,-18.8,0.0,0.0,0.0,0.0,0.0,0.0,0.0,0.0,,,
2007-05-01,IT,IFNOR211,FANO E.T.,0,0,403.80,0.0,0.0,0.0,0.0,0.0,0.0,0.0,0.0,0.0,0.0,,,
2007-05-01,IT,IFRLN111,FEROLETO,0,0,396.33,0.0,212.1,0.0,0.0,0.0,0.0,0.0,0.0,0.0,0.0,,,
2007-05-01,IT,IFERF111,FERRARA F.,0,0,406.46,36.8,-79.7,0.0,0.0,0.0,0.0,0.0,0.0,0.0,0.0,,,
2007-05-01,IT,IFENF111,FERRARA N.,0,0,406.11,0.0,0.0,0.0,0.0,0.0,0.0,0.0,0.0,0.0,0.0,,,
2007-05-01,IT,IFRBM111,FERRERA E.,0,2,403.27,22.7,5.4,-179.8,46.0,-30.0,-387.0,189.4,-348.7,5.0,386.3,,,
2007-05-01,IT,IFRBM112,FERRERA E.,0,2,402.33,35.3,14.0,-143.9,202.0,-30.0,-387.0,190.9,-358.1,5.0,386.3,,,
2007-05-01,IT,IFENV121,FERRIERE N,0,0,231.64,163.7,34.7,0.0,0.0,0.0,0.0,0.0,0.0,0.0,0.0,,,
2007-05-01,IT,IFAUN121,FIAT AUTO,0,0,229.30,27.9,2.5,0.0,0.0,0.0,0.0,0.0,0.0,0.0,0.0,,,
2007-05-01,IT,IFAUN12M,FIAT AUTO,0,0,229.52,0.0,0.0,0.0,0.0,0.0,0.0,0.0,0.0,0.0,0.0,,,
2007-05-01,IT,IFMIT121,FIAT MIR.,0,0,232.98,32.1,6.8,0.0,0.0,0.0,0.0,0.0,0.0,0.0,0.0,,,
2007-05-01,IT,IFIBN121,FIBE A.,0,2,229.57,0.0,0.0,-79.9,49.6,-25.0,-120.0,59.0,-106.0,5.0,120.0,,,
2007-05-01,IT,IFRIT31Z,FIL,0,0,380.00,0.0,0.0,0.0,0.0,0.0,0.0,0.0,0.0,0.0,0.0,,,
2007-05-01,IT,IFRIT411,FIL,0,0,404.32,0.0,0.0,0.0,0.0,0.0,0.0,0.0,0.0,0.0,0.0,,,
2007-05-01,IT,IFLEM111,FLERO ST,0,0,410.71,592.6,-17.8,0.0,0.0,0.0,0.0,0.0,0.0,0.0,0.0,,,
2007-05-01,IT,IFOGN11Z,FOGGIA,0,0,400.00,0.0,0.0,0.0,0.0,0.0,0.0,0.0,0.0,0.0,0.0,,,
2007-05-01,IT,IFOGNA11,FOGGIA,0,0,396.31,-78.8,-130.4,0.0,0.0,0.0,0.0,0.0,0.0,0.0,0.0,,,
2007-05-01,IT,IFGPN111,FOGGIA PST,0,0,396.32,0.0,0.0,0.0,0.0,0.0,0.0,0.0,0.0,0.0,0.0,,,
2007-05-01,IT,IFGPN112,FOGGIA PST,0,0,398.30,0.0,0.0,0.0,0.0,0.0,0.0,0.0,0.0,0.0,0.0,,,
2007-05-01,IT,IFGPN113,FOGGIA PST,0,0,397.08,0.0,0.0,0.0,0.0,0.0,0.0,0.0,0.0,0.0,0.0,,,
2007-05-01,IT,ISFLF111,FONTELUPO,0,0,407.54,0.0,0.0,0.0,0.0,0.0,0.0,0.0,0.0,0.0,0.0,,,
2007-05-01,IT,IFORF111,FORLI',0,0,404.14,91.1,258.7,0.0,0.0,0.0,0.0,0.0,0.0,0.0,0.0,,,
2007-05-01,IT,IFRANA21,FRATTA,0,0,229.35,91.9,75.5,0.0,0.0,0.0,0.0,0.0,0.0,0.0,0.0,,,
2007-05-01,IT,IFACN121,FRI-EL ACE,0,0,229.59,-91.4,16.0,0.0,0.0,0.0,0.0,0.0,0.0,0.0,0.0,,,
2007-05-01,IT,IFSNV111,FUSINA CE,0,2,406.59,0.0,0.0,-254.4,65.5,-120.0,-329.0,75.1,-209.0,5.0,329.0,,,
2007-05-01,IT,IFSNV121,FUSINA CE,0,0,234.51,0.0,0.0,0.0,0.0,0.0,0.0,0.0,0.0,0.0,0.0,,,
2007-05-01,IT,IGADM12Z,GADIO,0,0,220.00,0.0,0.0,0.0,0.0,0.0,0.0,0.0,0.0,0.0,0.0,,,
2007-05-01,IT,IGADMA21,GADIO,0,0,220.00,0.0,0.0,0.0,0.0,0.0,0.0,0.0,0.0,0.0,0.0,,,
2007-05-01,IT,IGADMA23,GADIO,0,0,241.83,20.8,-0.2,0.0,0.0,0.0,0.0,0.0,0.0,0.0,0.0,,,
2007-05-01,IT,IGADMA24,GADIO,0,0,241.61,17.0,-3.2,0.0,0.0,0.0,0.0,0.0,0.0,0.0,0.0,,,
2007-05-01,IT,IGADMA25,GADIO,0,0,241.57,29.3,-1.4,0.0,0.0,0.0,0.0,0.0,0.0,0.0,0.0,,,
2007-05-01,IT,IGLNN111,GALATINA,0,0,391.03,0.0,0.0,0.0,0.0,0.0,0.0,0.0,0.0,0.0,0.0,,,
2007-05-01,IT,IGLNN112,GALATINA,0,0,393.23,-87.5,-76.1,0.0,0.0,0.0,0.0,0.0,0.0,0.0,0.0,,,
2007-05-01,IT,IGLNN411,GALATINA,0,0,393.19,0.3,-107.6,0.0,0.0,0.0,0.0,0.0,0.0,0.0,0.0,,,
2007-05-01,IT,IGLNN511,GALATINA,0,0,391.03,3.3,1.6,0.0,0.0,0.0,0.0,0.0,0.0,0.0,0.0,,,
2007-05-01,IT,IGALR12Z,GALLETO,0,0,220.00,0.0,0.0,0.0,0.0,0.0,0.0,0.0,0.0,0.0,0.0,,,
2007-05-01,IT,IGALR221,GALLETO,0,0,227.70,0.0,0.0,0.0,0.0,0.0,0.0,0.0,0.0,0.0,0.0,,,
2007-05-01,IT,IGDAM121,GANDA,0,2,233.20,0.0,0.0,-0.8,12.0,0.0,-64.0,35.0,-55.3,4.4,63.5,,,
2007-05-01,IT,IGRGN111,GARAGUSO,0,0,399.12,-9.4,-4.0,0.0,0.0,0.0,0.0,0.0,0.0,0.0,0.0,,,
2007-05-01,IT,IGARM121,GARGNANO,0,0,234.64,0.0,0.0,0.0,0.0,0.0,0.0,0.0,0.0,0.0,0.0,,,
2007-05-01,IT,IGASN111,GARIGL. ST,0,0,398.03,129.6,-19.8,0.0,0.0,0.0,0.0,0.0,0.0,0.0,0.0,,,
2007-05-01,IT,IGASN21Z,GARIGL. ST,0,0,400.00,0.0,0.0,0.0,0.0,0.0,0.0,0.0,0.0,0.0,0.0,,,
2007-05-01,IT,IGNZN111,GENZANO380,0,0,403.47,0.0,0.0,0.0,0.0,0.0,0.0,0.0,0.0,0.0,0.0,,,
2007-05-01,IT,IGERT121,GERBIDO,0,0,233.12,0.0,0.0,0.0,0.0,0.0,0.0,0.0,0.0,0.0,0.0,,,
2007-05-01,IT,IGSSR111,GISSI,0,0,392.33,0.0,0.0,0.0,0.0,0.0,0.0,0.0,0.0,0.0,0.0,,,
2007-05-01,IT,IGSSRA11,GISSI,0,0,400.00,0.0,0.0,0.0,0.0,0.0,0.0,0.0,0.0,0.0,0.0,,,
2007-05-01,IT,IGSSRA1M,GISSI,0,0,392.33,0.0,0.0,0.0,0.0,0.0,0.0,0.0,0.0,0.0,0.0,,,
2007-05-01,IT,IGSSRA1N,GISSI,0,0,392.33,0.0,0.0,0.0,0.0,0.0,0.0,0.0,0.0,0.0,0.0,,,
2007-05-01,IT,IGSCR111,GISSI CE,0,0,392.33,0.0,0.0,0.0,0.0,0.0,0.0,0.0,0.0,0.0,0.0,,,
2007-05-01,IT,IGSCR211,GISSI CE,0,0,392.33,0.0,0.0,0.0,0.0,0.0,0.0,0.0,0.0,0.0,0.0,,,
2007-05-01,IT,IGLOV121,GLORENZA,0,0,243.97,0.0,-5.5,0.0,0.0,0.0,0.0,0.0,0.0,0.0,0.0,,,
2007-05-01,IT,IGLZV121,GLORENZACE,0,0,220.00,0.0,0.0,0.0,0.0,0.0,0.0,0.0,0.0,0.0,0.0,,,
2007-05-01,IT,IGLZV12M,GLORENZACE,0,0,243.97,0.0,0.0,0.0,0.0,0.0,0.0,0.0,0.0,0.0,0.0,,,
2007-05-01,IT,IGLAV121,GLORENZANK,0,0,243.26,0.0,0.0,0.0,0.0,0.0,0.0,0.0,0.0,0.0,0.0,,,
2007-05-01,IT,IGORM111,GORLAGO,0,0,414.84,207.7,-45.1,0.0,0.0,0.0,0.0,0.0,0.0,0.0,0.0,,,
2007-05-01,IT,IGRAN121,GRAGNANO,0,0,229.10,-1.4,-2.9,0.0,0.0,0.0,0.0,0.0,0.0,0.0,0.0,,,
2007-05-01,IT,IGRSMA21,GROSIO,0,0,245.33,0.6,0.1,0.0,0.0,0.0,0.0,0.0,0.0,0.0,0.0,,,
2007-05-01,IT,IGRTM121,GROSOTTO,0,0,245.37,-39.8,-24.1,0.0,0.0,0.0,0.0,0.0,0.0,0.0,0.0,,,
2007-05-01,IT,IGRUTA21,GRUGLIASCO,0,0,233.11,22.8,-1.3,0.0,0.0,0.0,0.0,0.0,0.0,0.0,0.0,,,
2007-05-01,IT,IRIVN121,ILVA-RIV,0,0,220.00,0.0,0.0,0.0,0.0,0.0,0.0,0.0,0.0,0.0,0.0,,,
2007-05-01,IT,IRIVN122,ILVA-RIV,0,0,228.30,0.0,0.0,0.0,0.0,0.0,0.0,0.0,0.0,0.0,0.0,,,
2007-05-01,IT,IRIVN12M,ILVA-RIV,0,0,225.15,0.0,0.0,0.0,0.0,0.0,0.0,0.0,0.0,0.0,0.0,,,
2007-05-01,IT,IRIVN12N,ILVA-RIV,0,0,225.15,0.0,0.0,0.0,0.0,0.0,0.0,0.0,0.0,0.0,0.0,,,
2007-05-01,IT,ISSRN121,ILVA-SSR,0,0,225.15,9.1,24.8,0.0,0.0,0.0,0.0,0.0,0.0,0.0,0.0,,,
2007-05-01,IT,ISSRN12M,ILVA-SSR,0,0,228.30,0.0,0.0,0.0,0.0,0.0,0.0,0.0,0.0,0.0,0.0,,,
2007-05-01,IT,IITCT121,ILVA.CORNI,0,0,234.09,35.3,26.6,0.0,0.0,0.0,0.0,0.0,0.0,0.0,0.0,,,
2007-05-01,IT,IISEN121,ISE CET3,0,0,228.30,0.0,0.0,0.0,0.0,0.0,0.0,0.0,0.0,0.0,0.0,,,
2007-05-01,IT,IISEN12M,ISE CET3,0,0,225.18,0.0,0.0,0.0,0.0,0.0,0.0,0.0,0.0,0.0,0.0,,,
2007-05-01,IT,IITNT121,ITAL NOVI,0,0,233.69,31.4,19.7,0.0,0.0,0.0,0.0,0.0,0.0,0.0,0.0,,,
2007-05-01,IT,IKOTR111,KOTOR,0,0,420.09,0.0,-231.6,0.0,0.0,0.0,0.0,0.0,0.0,0.0,0.0,,,
2007-05-01,IT,IKOTR211,KOTOR,0,0,420.14,0.0,79.4,0.0,0.0,0.0,0.0,0.0,0.0,0.0,0.0,,,
2007-05-01,IT,IKOTR121,KOTOR,0,0,184.23,-600.0,300.0,0.0,0.0,0.0,0.0,0.0,0.0,0.0,0.0,,,
2007-05-01,IT,IKOTR22Z,KOTOR,0,0,205.00,0.0,0.0,0.0,0.0,0.0,0.0,0.0,0.0,0.0,0.0,,,
2007-05-01,IT,ILCSM111,LA CASELLA,0,0,407.60,0.0,0.0,0.0,0.0,0.0,0.0,0.0,0.0,0.0,0.0,,,
2007-05-01,IT,ILCSM21Z,LA CASELLA,0,0,400.00,0.0,0.0,0.0,0.0,0.0,0.0,0.0,0.0,0.0,0.0,,,
2007-05-01,IT,ILCSM311,LA CASELLA,0,2,407.49,0.0,0.0,-341.4,120.0,-265.0,-368.0,233.8,-424.3,5.0,367.5,,,
2007-05-01,IT,ILCSM411,LA CASELLA,0,2,407.49,0.0,0.0,-332.5,119.4,-265.0,-368.0,239.4,-424.3,5.0,367.5,,,
2007-05-01,IT,ICSIT11Z,LABOR.CESI,0,0,400.00,0.0,0.0,0.0,0.0,0.0,0.0,0.0,0.0,0.0,0.0,,,
2007-05-01,IT,ICSIT12Z,LABOR.CESI,0,0,220.00,0.0,0.0,0.0,0.0,0.0,0.0,0.0,0.0,0.0,0.0,,,
2007-05-01,IT,ILACM111,LACCHIAREL,0,0,408.50,353.2,42.1,0.0,0.0,0.0,0.0,0.0,0.0,0.0,0.0,,,
2007-05-01,IT,ILAIN111,LAINO,0,0,397.29,16.7,-115.5,0.0,0.0,0.0,0.0,0.0,0.0,0.0,0.0,,,
2007-05-01,IT,ILAIN12Z,LAINO,0,0,220.00,0.0,0.0,0.0,0.0,0.0,0.0,0.0,0.0,0.0,0.0,,,
2007-05-01,IT,ILAMMA21,LAMBRATE,0,0,241.67,57.5,-3.9,0.0,0.0,0.0,0.0,0.0,0.0,0.0,0.0,,,
2007-05-01,IT,ILANV121,LANA,0,2,231.20,0.0,0.0,-2.0,2.1,-10.0,-40.0,25.9,-36.1,4.0,40.0,,,
2007-05-01,IT,ILANV12M,LANA,0,0,227.02,0.0,0.0,0.0,0.0,0.0,0.0,0.0,0.0,0.0,0.0,,,
2007-05-01,IT,ILZDMA21,LANZADA,0,0,240.43,0.0,0.0,0.0,0.0,0.0,0.0,0.0,0.0,0.0,0.0,,,
2007-05-01,IT,ILARR111,LARINO,0,0,392.94,29.3,-49.3,0.0,0.0,0.0,0.0,0.0,0.0,0.0,0.0,,,
2007-05-01,IT,ILK2V121,LASA NK 2,0,0,243.26,0.0,0.0,0.0,0.0,0.0,0.0,0.0,0.0,0.0,0.0,,,
2007-05-01,IT,ILATR111,LATINA NUC,0,0,394.69,146.5,-49.3,0.0,0.0,0.0,0.0,0.0,0.0,0.0,0.0,,,
2007-05-01,IT,ILATR211,LATINA NUC,0,0,394.63,0.0,-105.9,0.0,0.0,0.0,0.0,0.0,0.0,0.0,0.0,,,
2007-05-01,IT,ILATR311,LATINA NUC,0,0,394.62,0.0,-93.6,0.0,0.0,0.0,0.0,0.0,0.0,0.0,0.0,,,
2007-05-01,IT,ILATR41Z,LATINA NUC,0,0,400.00,0.0,0.0,0.0,0.0,0.0,0.0,0.0,0.0,0.0,0.0,,,
2007-05-01,IT,ILATR121,LATINA NUC,0,0,197.43,-329.2,164.6,0.0,0.0,0.0,0.0,0.0,0.0,0.0,0.0,,,
2007-05-01,IT,ILATR221,LATINA NUC,0,0,197.43,-329.2,164.6,0.0,0.0,0.0,0.0,0.0,0.0,0.0,0.0,,,
2007-05-01,IT,ILVSV121,LAVIS,0,0,231.48,18.0,-11.1,0.0,0.0,0.0,0.0,0.0,0.0,0.0,0.0,,,
2007-05-01,IT,ISLRF111,LE ROSE,0,0,407.61,0.0,0.0,0.0,0.0,0.0,0.0,0.0,0.0,0.0,0.0,,,
2007-05-01,IT,IMATT121,LEVANNA,0,0,233.00,26.7,-0.3,0.0,0.0,0.0,0.0,0.0,0.0,0.0,0.0,,,
2007-05-01,IT,ILEYTA11,LEYNI,0,0,404.19,105.3,28.3,0.0,0.0,0.0,0.0,0.0,0.0,0.0,0.0,,,
2007-05-01,IT,ILEYTA21,LEYNI,0,0,233.06,0.0,0.0,0.0,0.0,0.0,0.0,0.0,0.0,0.0,0.0,,,
2007-05-01,IT,ILNTM111,LONATO,0,0,412.41,184.7,-26.8,0.0,0.0,0.0,0.0,0.0,0.0,0.0,0.0,,,
2007-05-01,IT,IMCON111,M/CORVINO,0,0,394.14,208.2,0.3,0.0,0.0,0.0,0.0,0.0,0.0,0.0,0.0,,,
2007-05-01,IT,IMCON121,M/CORVINO,0,0,228.02,0.0,0.0,0.0,0.0,0.0,0.0,0.0,0.0,0.0,0.0,,,
2007-05-01,IT,IMDTN12Z,MADD T-GAS,0,0,220.00,0.0,0.0,0.0,0.0,0.0,0.0,0.0,0.0,0.0,0.0,,,
2007-05-01,IT,IMDTN22Z,MADD T-GAS,0,0,220.00,0.0,0.0,0.0,0.0,0.0,0.0,0.0,0.0,0.0,0.0,,,
2007-05-01,IT,IMADN121,MADDALONI,0,0,229.39,18.7,6.9,0.0,0.0,0.0,0.0,0.0,0.0,0.0,0.0,,,
2007-05-01,IT,IMAGM11Z,MAGENTA ST,0,0,400.00,0.0,0.0,0.0,0.0,0.0,0.0,0.0,0.0,0.0,0.0,,,
2007-05-01,IT,IMAGM12Z,MAGENTA ST,0,0,220.00,0.0,0.0,0.0,0.0,0.0,0.0,0.0,0.0,0.0,0.0,,,
2007-05-01,IT,IMAGMA21,MAGENTA ST,0,0,220.00,65.3,-11.7,0.0,0.0,0.0,0.0,0.0,0.0,0.0,0.0,,,
2007-05-01,IT,IMAGMA22,MAGENTA ST,0,0,239.78,7.7,3.9,0.0,0.0,0.0,0.0,0.0,0.0,0.0,0.0,,,
2007-05-01,IT,IMGNN111,MAGISANO,0,0,397.20,0.0,0.0,0.0,0.0,0.0,0.0,0.0,0.0,0.0,0.0,,,
2007-05-01,IT,IMGLT111,MAGLIANO,0,0,406.54,106.8,15.6,0.0,0.0,0.0,0.0,0.0,0.0,0.0,0.0,,,
2007-05-01,IT,IMDAN111,MAIDA,0,0,396.62,-55.9,162.6,0.0,0.0,0.0,0.0,0.0,0.0,0.0,0.0,,,
2007-05-01,IT,IMDAN21Z,MAIDA,0,0,400.00,0.0,0.0,0.0,0.0,0.0,0.0,0.0,0.0,0.0,0.0,,,
2007-05-01,IT,IMDAN31Z,MAIDA,0,0,400.00,0.0,0.0,0.0,0.0,0.0,0.0,0.0,0.0,0.0,0.0,,,
2007-05-01,IT,IMACVA21,MALCONTENT,0,0,234.63,0.0,0.0,0.0,0.0,0.0,0.0,0.0,0.0,0.0,0.0,,,
2007-05-01,IT,IMLOM111,MALEO,0,0,408.77,47.7,-12.2,0.0,0.0,0.0,0.0,0.0,0.0,0.0,0.0,,,
2007-05-01,IT,IMNFN111,MANFR.380,0,0,395.46,-1.1,-4.7,0.0,0.0,0.0,0.0,0.0,0.0,0.0,0.0,,,
2007-05-01,IT,IMTVM111,MANTOVA CE,0,0,407.93,10.3,29.9,0.0,0.0,0.0,0.0,0.0,0.0,0.0,0.0,,,
2007-05-01,IT,IMTVM211,MANTOVA CE,0,2,407.92,0.0,0.0,-165.7,26.3,-265.0,-387.0,200.3,-351.4,5.0,386.3,,,
2007-05-01,IT,IMTVM311,MANTOVA CE,0,2,407.92,0.0,0.0,-139.7,23.1,-265.0,-387.0,201.5,-358.2,5.0,386.3,,,
2007-05-01,IT,IMTVM121,MANTOVA CE,0,0,209.99,-0.0,0.0,0.0,0.0,0.0,0.0,0.0,0.0,0.0,0.0,,,
2007-05-01,IT,IMTVM12M,MANTOVA CE,0,0,236.62,0.0,0.0,0.0,0.0,0.0,0.0,0.0,0.0,0.0,0.0,,,
2007-05-01,IT,IMNTMA11,MANTOVA ST,0,0,407.92,0.0,0.0,0.0,0.0,0.0,0.0,0.0,0.0,0.0,0.0,,,
2007-05-01,IT,IMARMA21,MARCARIA,0,0,238.30,38.6,-35.6,0.0,0.0,0.0,0.0,0.0,0.0,0.0,0.0,,,
2007-05-01,IT,IMRLM121,MARCELLO,0,0,241.59,38.7,0.1,0.0,0.0,0.0,0.0,0.0,0.0,0.0,0.0,,,
2007-05-01,IT,IPMLV32Z,MARGHERA L,0,0,220.00,0.0,0.0,0.0,0.0,0.0,0.0,0.0,0.0,0.0,0.0,,,
2007-05-01,IT,IPMLV421,MARGHERA L,0,2,234.46,0.0,0.0,-496.0,119.1,-25.5,-510.0,281.0,-331.7,8.0,510.0,,,
2007-05-01,IT,IPMLV52Z,MARGHERA L,0,0,220.00,0.0,0.0,0.0,0.0,0.0,0.0,0.0,0.0,0.0,0.0,,,
2007-05-01,IT,IPMLV621,MARGHERA L,0,0,234.59,0.0,0.0,0.0,0.0,0.0,0.0,0.0,0.0,0.0,0.0,,,
2007-05-01,IT,IPMLV721,MARGHERA L,0,0,234.59,0.0,0.0,0.0,0.0,0.0,0.0,0.0,0.0,0.0,0.0,,,
2007-05-01,IT,IMRGF111,MARGINONE,0,0,407.00,303.7,78.9,0.0,0.0,0.0,0.0,0.0,0.0,0.0,0.0,,,
2007-05-01,IT,IMRTF111,MARTIGNONE,0,0,406.52,281.2,60.4,0.0,0.0,0.0,0.0,0.0,0.0,0.0,0.0,,,
2007-05-01,IT,IMAAT121,MARTINETTO,0,0,233.00,42.8,1.2,0.0,0.0,0.0,0.0,0.0,0.0,0.0,0.0,,,
2007-05-01,IT,IMPIV121,MASO PILL,0,0,240.39,0.0,0.0,0.0,0.0,0.0,0.0,0.0,0.0,0.0,0.0,,,
2007-05-01,IT,IMPIV221,MASO PILL,0,0,228.99,0.0,0.0,0.0,0.0,0.0,0.0,0.0,0.0,0.0,0.0,,,
2007-05-01,IT,IMRAN21Z,MATERA,0,0,400.00,0.0,0.0,0.0,0.0,0.0,0.0,0.0,0.0,0.0,0.0,,,
2007-05-01,IT,IMRAN311,MATERA,0,2,397.99,0.0,0.0,2.7,94.4,0.0,0.0,125.0,-290.0,0.0,0.0,,,
2007-05-01,IT,IMRANA11,MATERA,0,0,398.06,5.1,-129.9,0.0,0.0,0.0,0.0,0.0,0.0,0.0,0.0,,,
2007-05-01,IT,IMLFNA11,MELFI 380,0,0,402.87,-11.7,-19.1,0.0,0.0,0.0,0.0,0.0,0.0,0.0,0.0,,,
2007-05-01,IT,IMRCM111,MERCALLO,0,0,409.57,206.1,1.1,0.0,0.0,0.0,0.0,0.0,0.0,0.0,0.0,,,
2007-05-01,IT,IMESM121,MESE,0,0,241.76,0.0,0.0,0.0,0.0,0.0,0.0,0.0,0.0,0.0,0.0,,,
2007-05-01,IT,ICTMMA21,MINCIO,0,0,236.93,29.0,42.0,0.0,0.0,0.0,0.0,0.0,0.0,0.0,0.0,,,
2007-05-01,IT,IMDGN111,MODUGNO CE,0,2,398.66,0.0,0.0,-345.1,3.2,-194.0,-619.0,209.8,-445.1,5.0,619.0,,,
2007-05-01,IT,IMOIV121,MOLINE,0,0,232.58,0.0,0.0,0.0,0.0,0.0,0.0,0.0,0.0,0.0,0.0,,,
2007-05-01,IT,IMLAV121,MOLINE NK,0,0,232.58,0.0,0.0,0.0,0.0,0.0,0.0,0.0,0.0,0.0,0.0,,,
2007-05-01,IT,IMOCT121,MONCAL.CP,0,0,233.11,15.7,-1.1,0.0,0.0,0.0,0.0,0.0,0.0,0.0,0.0,,,
2007-05-01,IT,IMOCT122,MONCAL.CP,0,0,231.08,11.4,-2.2,0.0,0.0,0.0,0.0,0.0,0.0,0.0,0.0,,,
2007-05-01,IT,IMOAT121,MONCALIER,0,0,220.00,0.0,0.0,0.0,0.0,0.0,0.0,0.0,0.0,0.0,0.0,,,
2007-05-01,IT,IMOAT12M,MONCALIER,0,0,231.07,0.0,0.0,0.0,0.0,0.0,0.0,0.0,0.0,0.0,0.0,,,
2007-05-01,IT,IMOAT12N,MONCALIER,0,0,233.11,0.0,0.0,0.0,0.0,0.0,0.0,0.0,0.0,0.0,0.0,,,
2007-05-01,IT,IMOAT32Z,MONCALIER,0,0,220.00,0.0,0.0,0.0,0.0,0.0,0.0,0.0,0.0,0.0,0.0,,,
2007-05-01,IT,IMOAT42Z,MONCALIER,0,0,220.00,0.0,0.0,0.0,0.0,0.0,0.0,0.0,0.0,0.0,0.0,,,
2007-05-01,IT,IMOAT52Z,MONCALIER,0,0,220.00,0.0,0.0,0.0,0.0,0.0,0.0,0.0,0.0,0.0,0.0,,,
2007-05-01,IT,IMOAT62Z,MONCALIER,0,0,220.00,0.0,0.0,0.0,0.0,0.0,0.0,0.0,0.0,0.0,0.0,,,
2007-05-01,IT,IMOAT72Z,MONCALIER,0,0,220.00,0.0,0.0,0.0,0.0,0.0,0.0,0.0,0.0,0.0,0.0,,,
2007-05-01,IT,IMOAT82Z,MONCALIER,0,0,220.00,0.0,0.0,0.0,0.0,0.0,0.0,0.0,0.0,0.0,0.0,,,
2007-05-01,IT,IMOATA21,MONCALIER,0,2,231.07,0.0,0.0,-151.8,181.8,-215.0,-388.0,148.3,-261.7,5.3,388.0,,,
2007-05-01,IT,IMOATA22,MONCALIER,0,0,233.11,0.0,0.0,0.0,0.0,0.0,0.0,0.0,0.0,0.0,0.0,,,
2007-05-01,IT,IMFTV11Z,MONFALC.CE,0,0,400.00,0.0,0.0,0.0,0.0,0.0,0.0,0.0,0.0,0.0,0.0,,,
2007-05-01,IT,IMFTV121,MONFALC.CE,0,2,238.50,0.0,0.0,-139.8,0.5,-132.0,-165.0,20.9,-91.8,8.0,165.0,,,
2007-05-01,IT,IMLTR111,MONTALT.CE,0,0,400.00,0.0,0.0,0.0,0.0,0.0,0.0,0.0,0.0,0.0,0.0,,,
2007-05-01,IT,IMLTR112,MONTALT.CE,0,0,399.47,0.0,0.0,0.0,0.0,0.0,0.0,0.0,0.0,0.0,0.0,,,
2007-05-01,IT,IMLTR211,MONTALT.CE,0,0,399.47,0.0,0.0,0.0,0.0,0.0,0.0,0.0,0.0,0.0,0.0,,,
2007-05-01,IT,IMLTR311,MONTALT.CE,0,0,399.46,0.0,0.0,0.0,0.0,0.0,0.0,0.0,0.0,0.0,0.0,,,
2007-05-01,IT,IMLTR41Z,MONTALT.CE,0,0,400.00,0.0,0.0,0.0,0.0,0.0,0.0,0.0,0.0,0.0,0.0,,,
2007-05-01,IT,IMOSR111,MONTALTO,0,0,399.46,-47.0,-28.5,0.0,0.0,0.0,0.0,0.0,0.0,0.0,0.0,,,
2007-05-01,IT,IMOSR21Z,MONTALTO,0,0,400.00,0.0,0.0,0.0,0.0,0.0,0.0,0.0,0.0,0.0,0.0,,,
2007-05-01,IT,IMOSRA11,MONTALTO,0,0,400.00,0.0,0.0,0.0,0.0,0.0,0.0,0.0,0.0,0.0,0.0,,,
2007-05-01,IT,IMOSRA1M,MONTALTO,0,0,399.46,0.0,0.0,0.0,0.0,0.0,0.0,0.0,0.0,0.0,0.0,,,
2007-05-01,IT,IMOSRA1N,MONTALTO,0,0,399.46,0.0,0.0,0.0,0.0,0.0,0.0,0.0,0.0,0.0,0.0,,,
2007-05-01,IT,IMTJT121,MONTJOVET,0,2,236.12,0.0,0.0,-14.9,-7.1,0.0,-50.0,50.0,-36.0,6.0,50.0,,,
2007-05-01,IT,IMONR12Z,MONTOR.CE,0,0,220.00,0.0,0.0,0.0,0.0,0.0,0.0,0.0,0.0,0.0,0.0,,,
2007-05-01,IT,IMONR22Z,MONTOR.CE,0,0,220.00,0.0,0.0,0.0,0.0,0.0,0.0,0.0,0.0,0.0,0.0,,,
2007-05-01,IT,IMONR32Z,MONTOR.CE,0,0,220.00,0.0,0.0,0.0,0.0,0.0,0.0,0.0,0.0,0.0,0.0,,,
2007-05-01,IT,IMNVR121,MONTOR.SE,0,0,228.48,0.0,0.0,0.0,0.0,0.0,0.0,0.0,0.0,0.0,0.0,,,
2007-05-01,IT,IMORTA21,MORIGALLO,0,0,234.91,121.4,-69.1,0.0,0.0,0.0,0.0,0.0,0.0,0.0,0.0,,,
2007-05-01,IT,IMUSM111,MUSIGNANO,0,0,409.16,0.0,0.0,0.0,0.0,0.0,0.0,0.0,0.0,0.0,0.0,,,
2007-05-01,IT,IMUSM11M,MUSIGNANO,0,0,400.00,0.0,0.0,0.0,0.0,0.0,0.0,0.0,0.0,0.0,0.0,,,
2007-05-01,IT,IMUCM121,MUSOCCO ST,0,0,241.67,-22.6,15.6,0.0,0.0,0.0,0.0,0.0,0.0,0.0,0.0,,,
2007-05-01,IT,INACN121,NAPOLI C,0,0,230.09,40.4,4.2,0.0,0.0,0.0,0.0,0.0,0.0,0.0,0.0,,,
2007-05-01,IT,INADN121,NAPOLI DIR,0,0,229.97,49.0,2.1,0.0,0.0,0.0,0.0,0.0,0.0,0.0,0.0,,,
2007-05-01,IT,INALN121,NAPOLI L,0,2,230.00,0.0,0.0,-337.3,21.7,-240.0,-385.0,180.4,-212.9,4.3,385.0,,,
2007-05-01,IT,INALNA21,NAPOLI L,0,0,230.02,0.0,0.0,0.0,0.0,0.0,0.0,0.0,0.0,0.0,0.0,,,
2007-05-01,IT,INSCN12Z,NASTRO CAR,0,0,220.00,0.0,0.0,0.0,0.0,0.0,0.0,0.0,0.0,0.0,0.0,,,
2007-05-01,IT,INTAV121,NAT.P4 NK,0,0,225.64,6.8,74.5,0.0,0.0,0.0,0.0,0.0,0.0,0.0,0.0,,,
2007-05-01,IT,IP41V121,NAT.P41 NK,0,0,226.95,0.0,0.0,0.0,0.0,0.0,0.0,0.0,0.0,0.0,0.0,,,
2007-05-01,IT,INATV121,NATURNO,0,0,225.68,26.2,0.4,0.0,0.0,0.0,0.0,0.0,0.0,0.0,0.0,,,
2007-05-01,IT,INAVM111,NAVE,0,0,413.70,74.5,3.3,0.0,0.0,0.0,0.0,0.0,0.0,0.0,0.0,,,
2007-05-01,IT,INAVM121,NAVE,0,0,235.14,102.0,29.6,0.0,0.0,0.0,0.0,0.0,0.0,0.0,0.0,,,
2007-05-01,IT,INOCN121,NOCERA,0,0,228.71,51.9,5.6,0.0,0.0,0.0,0.0,0.0,0.0,0.0,0.0,,,
2007-05-01,IT,INGRV111,NOGAROLE,0,0,410.03,133.2,12.2,0.0,0.0,0.0,0.0,0.0,0.0,0.0,0.0,,,
2007-05-01,IT,INOLN121,NOLA,0,0,229.25,54.0,5.0,0.0,0.0,0.0,0.0,0.0,0.0,0.0,0.0,,,
2007-05-01,IT,INOXRA21,NOMENTA.RT,0,0,226.97,53.0,15.4,0.0,0.0,0.0,0.0,0.0,0.0,0.0,0.0,,,
2007-05-01,IT,INOST121,NOVARA SUD,0,0,239.65,-49.2,6.4,0.0,0.0,0.0,0.0,0.0,0.0,0.0,0.0,,,
2007-05-01,IT,INOSTA21,NOVARA SUD,0,0,220.00,0.0,0.0,0.0,0.0,0.0,0.0,0.0,0.0,0.0,0.0,,,
2007-05-01,IT,INOSTA2M,NOVARA SUD,0,0,239.65,0.0,0.0,0.0,0.0,0.0,0.0,0.0,0.0,0.0,0.0,,,
2007-05-01,IT,INOVT121,NOVI L.,0,0,233.69,0.0,0.0,0.0,0.0,0.0,0.0,0.0,0.0,0.0,0.0,,,
2007-05-01,IT,IODZVA21,ODERZO,0,0,234.47,43.4,11.6,0.0,0.0,0.0,0.0,0.0,0.0,0.0,0.0,,,
2007-05-01,IT,IOSPM111,OSPIATE,0,0,411.13,272.3,-10.2,0.0,0.0,0.0,0.0,0.0,0.0,0.0,0.0,,,
2007-05-01,IT,IOSPM121,OSPIATE,0,0,241.47,0.0,0.0,0.0,0.0,0.0,0.0,0.0,0.0,0.0,0.0,,,
2007-05-01,IT,IOSCM111,OSTIGL.CE,0,2,406.26,0.0,0.0,-362.4,37.9,-30.3,-606.0,157.8,-223.1,5.0,606.0,,,
2007-05-01,IT,IOSCM211,OSTIGL.CE,0,0,406.27,0.0,0.0,0.0,0.0,0.0,0.0,0.0,0.0,0.0,0.0,,,
2007-05-01,IT,IOSCM411,OSTIGL.CE,0,2,406.24,0.0,0.0,-370.0,59.0,-165.0,-383.0,155.9,-217.5,5.0,383.0,,,
2007-05-01,IT,IOSTM111,OSTIGL.ST,0,0,406.28,154.5,-33.5,0.0,0.0,0.0,0.0,0.0,0.0,0.0,0.0,,,
2007-05-01,IT,IPCOF111,P.CORSINI,0,2,404.06,0.0,0.0,-516.6,102.9,-419.0,-838.0,354.4,-598.5,5.0,838.0,,,
2007-05-01,IT,IPISF111,P.SPERANZA,0,0,405.23,45.9,16.4,0.0,0.0,0.0,0.0,0.0,0.0,0.0,0.0,,,
2007-05-01,IT,IPVNMA21,P.VENEZIA,0,0,241.62,59.4,-6.5,0.0,0.0,0.0,0.0,0.0,0.0,0.0,0.0,,,
2007-05-01,IT,IPDRV121,PADRICIANO,0,0,238.70,14.7,-10.0,0.0,0.0,0.0,0.0,0.0,0.0,0.0,0.0,,,
2007-05-01,IT,IPDRV12Z,PADRICIANO,0,0,220.00,0.0,0.0,0.0,0.0,0.0,0.0,0.0,0.0,0.0,0.0,,,
2007-05-01,IT,IPLLTA21,PALLANZENO,0,0,239.12,57.4,10.9,0.0,0.0,0.0,0.0,0.0,0.0,0.0,0.0,,,
2007-05-01,IT,IPDCN111,PALO D.C.,0,0,398.53,10.2,-62.6,0.0,0.0,0.0,0.0,0.0,0.0,0.0,0.0,,,
2007-05-01,IT,IPRMF111,PARMA VIGH,0,0,407.40,290.2,52.3,0.0,0.0,0.0,0.0,0.0,0.0,0.0,0.0,,,
2007-05-01,IT,IPATN111,PATRIA,0,0,399.88,107.6,-141.5,0.0,0.0,0.0,0.0,0.0,0.0,0.0,0.0,,,
2007-05-01,IT,IPATN121,PATRIA,0,0,229.87,0.0,0.0,0.0,0.0,0.0,0.0,0.0,0.0,0.0,0.0,,,
2007-05-01,IT,IPELT121,PELLERINA,0,0,233.00,0.0,0.0,0.0,0.0,0.0,0.0,0.0,0.0,0.0,0.0,,,
2007-05-01,IT,IPELT122,PELLERINA,0,0,232.89,0.0,0.0,0.0,0.0,0.0,0.0,0.0,0.0,0.0,0.0,,,
2007-05-01,IT,IPZAM11Z,PIACENZA,0,0,400.00,0.0,0.0,0.0,0.0,0.0,0.0,0.0,0.0,0.0,0.0,,,
2007-05-01,IT,IPNCM111,PIANCAMUNO,0,0,416.73,168.8,-40.2,0.0,0.0,0.0,0.0,0.0,0.0,0.0,0.0,,,
2007-05-01,IT,IPIATA21,PIANEZZA,0,0,232.57,94.0,150.2,0.0,0.0,0.0,0.0,0.0,0.0,0.0,0.0,,,
2007-05-01,IT,IPFNR121,PIETRAF.N.,0,0,228.16,0.0,0.0,0.0,0.0,0.0,0.0,0.0,0.0,0.0,0.0,,,
2007-05-01,IT,IPF2R121,PIETRAF220,0,0,228.16,139.6,8.3,0.0,0.0,0.0,0.0,0.0,0.0,0.0,0.0,,,
2007-05-01,IT,IPVAM111,PIEVE ALBI,0,0,403.49,0.0,0.0,0.0,0.0,0.0,0.0,0.0,0.0,0.0,0.0,,,
2007-05-01,IT,IPBNF11Z,PIOMBINO T,0,0,400.00,0.0,0.0,0.0,0.0,0.0,0.0,0.0,0.0,0.0,0.0,,,
2007-05-01,IT,IPBNF21Z,PIOMBINO T,0,0,400.00,0.0,0.0,0.0,0.0,0.0,0.0,0.0,0.0,0.0,0.0,,,
2007-05-01,IT,IPIOTA11,PIOSSASCO,0,0,404.32,127.6,229.6,0.0,0.0,0.0,0.0,0.0,0.0,0.0,0.0,,,
2007-05-01,IT,IPIOTA21,PIOSSASCO,0,0,232.92,0.0,0.0,0.0,0.0,0.0,0.0,0.0,0.0,0.0,0.0,,,
2007-05-01,IT,IPSTNA21,PISTICCI,0,0,210.83,27.7,-15.2,0.0,0.0,0.0,0.0,0.0,0.0,0.0,0.0,,,
2007-05-01,IT,IPLNV111,PLANAIS,0,0,408.84,139.0,-25.9,0.0,0.0,0.0,0.0,0.0,0.0,0.0,0.0,,,
2007-05-01,IT,IPACF111,POGGIO A C,0,0,406.35,251.5,-2.5,0.0,0.0,0.0,0.0,0.0,0.0,0.0,0.0,,,
2007-05-01,IT,IPGRN121,POGGIOR.,0,0,229.64,58.7,6.4,0.0,0.0,0.0,0.0,0.0,0.0,0.0,0.0,,,
2007-05-01,IT,IPGNM111,POGLIANO,0,0,411.23,0.0,0.0,0.0,0.0,0.0,0.0,0.0,0.0,0.0,0.0,,,
2007-05-01,IT,IPLTT121,POLITECNIC,0,0,232.98,0.0,0.0,0.0,0.0,0.0,0.0,0.0,0.0,0.0,0.0,,,
2007-05-01,IT,IPONTA21,PONTE V.F.,0,0,239.66,-36.8,-2.0,0.0,0.0,0.0,0.0,0.0,0.0,0.0,0.0,,,
2007-05-01,IT,IPTRVA21,PONTERESIA,0,0,226.69,89.1,158.9,0.0,0.0,0.0,0.0,0.0,0.0,0.0,0.0,,,
2007-05-01,IT,IPTRVA2M,PONTERESIA,0,0,227.00,0.0,0.0,0.0,0.0,0.0,0.0,0.0,0.0,0.0,0.0,,,
2007-05-01,IT,IPOPR121,POPOLI,0,0,226.46,4.3,-1.4,0.0,0.0,0.0,0.0,0.0,0.0,0.0,0.0,,,
2007-05-01,IT,IPNEV121,PORDENONE,0,0,234.79,26.4,-17.5,0.0,0.0,0.0,0.0,0.0,0.0,0.0,0.0,,,
2007-05-01,IT,IPSEF12Z,PORTALE,0,0,220.00,0.0,0.0,0.0,0.0,0.0,0.0,0.0,0.0,0.0,0.0,,,
2007-05-01,IT,IPTVMA21,PORTAVOLTA,0,0,241.56,136.3,-2.9,0.0,0.0,0.0,0.0,0.0,0.0,0.0,0.0,,,
2007-05-01,IT,IPTOV111,PORTOTOLLE,0,0,407.03,-4.6,11.9,0.0,0.0,0.0,0.0,0.0,0.0,0.0,0.0,,,
2007-05-01,IT,IPOZN121,POZZUOLI,0,0,220.00,0.0,0.0,0.0,0.0,0.0,0.0,0.0,0.0,0.0,0.0,,,
2007-05-01,IT,IPOZN122,POZZUOLI,0,0,229.80,20.4,2.4,0.0,0.0,0.0,0.0,0.0,0.0,0.0,0.0,,,
2007-05-01,IT,IPRCV121,PRACOMUNE,0,0,220.00,0.0,0.0,0.0,0.0,0.0,0.0,0.0,0.0,0.0,0.0,,,
2007-05-01,IT,IPRCV12M,PRACOMUNE,0,0,231.32,0.0,0.0,0.0,0.0,0.0,0.0,0.0,0.0,0.0,0.0,,,
2007-05-01,IT,IPEDN111,PRE EDISON,0,0,398.06,0.0,0.0,0.0,0.0,0.0,0.0,0.0,0.0,0.0,0.0,,,
2007-05-01,IT,IKPRM121,PREMAD. AL,0,0,245.25,0.0,0.0,0.0,0.0,0.0,0.0,0.0,0.0,0.0,0.0,,,
2007-05-01,IT,IPDMM121,PREMADIO,0,0,245.26,0.0,0.0,0.0,0.0,0.0,0.0,0.0,0.0,0.0,0.0,,,
2007-05-01,IT,IPDMMA21,PREMADIO,0,0,245.26,15.7,-7.1,0.0,0.0,0.0,0.0,0.0,0.0,0.0,0.0,,,
2007-05-01,IT,IPREN111,PRESENZANO,0,0,398.04,0.0,0.0,0.0,0.0,0.0,0.0,0.0,0.0,0.0,0.0,,,
2007-05-01,IT,IPREN121,PRESENZANO,0,0,229.09,7.9,0.4,0.0,0.0,0.0,0.0,0.0,0.0,0.0,0.0,,,
2007-05-01,IT,IPR2R121,PROVVID.A2,0,0,225.02,0.0,0.0,0.0,0.0,0.0,0.0,0.0,0.0,0.0,0.0,,,
2007-05-01,IT,IPRVR121,PROVVIDEN.,0,0,224.86,0.0,0.0,0.0,0.0,0.0,0.0,0.0,0.0,0.0,0.0,,,
2007-05-01,IT,IPRVR122,PROVVIDEN.,0,0,225.02,0.0,0.0,0.0,0.0,0.0,0.0,0.0,0.0,0.0,0.0,,,
2007-05-01,IT,IQUAT121,QUART,0,2,237.97,0.0,0.0,-18.7,-28.8,0.0,-48.0,22.8,-42.8,6.0,48.9,,,
2007-05-01,IT,IQUDT121,QUART IC,0,0,237.93,0.0,0.0,0.0,0.0,0.0,0.0,0.0,0.0,0.0,0.0,,,
2007-05-01,IT,IRATV121,RAT.P62 NK,0,0,227.02,0.0,0.0,0.0,0.0,0.0,0.0,0.0,0.0,0.0,0.0,,,
2007-05-01,IT,IRATN111,RATINO,0,2,395.41,0.0,0.0,-273.5,-19.4,-116.0,-447.0,182.0,-256.0,2.0,447.0,,,
2007-05-01,IT,IRACF111,RAVENNA C.,0,0,404.64,34.7,-0.6,0.0,0.0,0.0,0.0,0.0,0.0,0.0,0.0,,,
2007-05-01,IT,IRDPVA11,REDIPUGLIA,0,0,410.16,33.4,-23.5,0.0,0.0,0.0,0.0,0.0,0.0,0.0,0.0,,,
2007-05-01,IT,IRDPVA21,REDIPUGLIA,0,0,237.71,0.0,0.0,0.0,0.0,0.0,0.0,0.0,0.0,0.0,0.0,,,
2007-05-01,IT,IRDPVA2M,REDIPUGLIA,0,0,235.84,0.0,0.0,0.0,0.0,0.0,0.0,0.0,0.0,0.0,0.0,,,
2007-05-01,IT,IROXM111,RHO,0,0,411.26,0.0,0.0,0.0,0.0,0.0,0.0,0.0,0.0,0.0,0.0,,,
2007-05-01,IT,IRCOV121,RIC. OVEST,0,0,236.38,-4.9,1.4,0.0,0.0,0.0,0.0,0.0,0.0,0.0,0.0,,,
2007-05-01,IT,INOMMA21,RIC.NORD M,0,0,241.38,117.9,-8.6,0.0,0.0,0.0,0.0,0.0,0.0,0.0,0.0,,,
2007-05-01,IT,IBSOMA21,RIC.OV. BS,0,0,220.00,0.0,0.0,0.0,0.0,0.0,0.0,0.0,0.0,0.0,0.0,,,
2007-05-01,IT,IBSOMA2M,RIC.OV. BS,0,0,241.80,0.0,0.0,0.0,0.0,0.0,0.0,0.0,0.0,0.0,0.0,,,
2007-05-01,IT,IOVMMA21,RIC.OV. MI,0,0,241.80,69.7,-12.6,0.0,0.0,0.0,0.0,0.0,0.0,0.0,0.0,,,
2007-05-01,IT,ISMIMA21,RIC.SUD MI,0,0,241.81,113.5,-1.2,0.0,0.0,0.0,0.0,0.0,0.0,0.0,0.0,,,
2007-05-01,IT,IKSEMA21,RISE SESTO,0,0,220.00,0.0,0.0,0.0,0.0,0.0,0.0,0.0,0.0,0.0,0.0,,,
2007-05-01,IT,IKSEMA2M,RISE SESTO,0,0,238.94,0.0,0.0,0.0,0.0,0.0,0.0,0.0,0.0,0.0,0.0,,,
2007-05-01,IT,IKSEMA2N,RISE SESTO,0,0,238.94,0.0,0.0,0.0,0.0,0.0,0.0,0.0,0.0,0.0,0.0,,,
2007-05-01,IT,IRICN111,RIZZIC.CE,0,2,402.26,0.0,0.0,-337.6,-41.8,-200.0,-375.0,160.2,-273.5,3.7,375.0,,,
2007-05-01,IT,IRICN211,RIZZIC.CE,0,0,402.23,0.0,0.0,0.0,0.0,0.0,0.0,0.0,0.0,0.0,0.0,,,
2007-05-01,IT,IRIZN111,RIZZICONI,0,0,402.29,171.2,-149.4,0.0,0.0,0.0,0.0,0.0,0.0,0.0,0.0,,,
2007-05-01,IT,IRIZN211,RIZZICONI,0,0,402.23,0.0,151.7,0.0,0.0,0.0,0.0,0.0,0.0,0.0,0.0,,,
2007-05-01,IT,IRMER111,ROMA EST,0,0,394.62,250.5,-27.5,0.0,0.0,0.0,0.0,0.0,0.0,0.0,0.0,,,
2007-05-01,IT,IRMNR111,ROMA NORD,0,0,394.61,238.9,166.5,0.0,0.0,0.0,0.0,0.0,0.0,0.0,0.0,,,
2007-05-01,IT,IRMNR121,ROMA NORD,0,0,227.47,0.0,175.5,0.0,0.0,0.0,0.0,0.0,0.0,0.0,0.0,,,
2007-05-01,IT,IRMOR111,ROMA OVEST,0,0,398.08,468.2,-217.2,0.0,0.0,0.0,0.0,0.0,0.0,0.0,0.0,,,
2007-05-01,IT,IRMSR111,ROMA SUD,0,0,394.41,330.2,257.5,0.0,0.0,0.0,0.0,0.0,0.0,0.0,0.0,,,
2007-05-01,IT,IRMSR121,ROMA SUD,0,0,226.61,0.0,174.5,0.0,0.0,0.0,0.0,0.0,0.0,0.0,0.0,,,
2007-05-01,IT,IROVM11Z,RONCOVALGR,0,0,400.00,0.0,0.0,0.0,0.0,0.0,0.0,0.0,0.0,0.0,0.0,,,
2007-05-01,IT,IROVM211,RONCOVALGR,0,2,409.18,0.0,0.0,97.4,-23.9,98.0,-130.0,54.2,-65.0,5.0,130.0,,,
2007-05-01,IT,IROVM311,RONCOVALGR,0,0,409.16,0.0,0.0,0.0,0.0,0.0,0.0,0.0,0.0,0.0,0.0,,,
2007-05-01,IT,IROVM411,RONCOVALGR,0,0,409.16,0.0,0.0,0.0,0.0,0.0,0.0,0.0,0.0,0.0,0.0,,,
2007-05-01,IT,IRONT111,RONDISSONE,0,0,405.55,169.9,-2.6,0.0,0.0,0.0,0.0,0.0,0.0,0.0,0.0,,,
2007-05-01,IT,IRONT112,RONDISSONE,0,0,392.35,0.0,0.0,0.0,0.0,0.0,0.0,0.0,0.0,0.0,0.0,,,
2007-05-01,IT,IRONT113,RONDISSONE,0,0,392.35,0.0,0.0,0.0,0.0,0.0,0.0,0.0,0.0,0.0,0.0,,,
2007-05-01,IT,IRONT121,RONDISSONE,0,0,232.24,0.0,0.0,0.0,0.0,0.0,0.0,0.0,0.0,0.0,0.0,,,
2007-05-01,IT,IRSRR21Z,ROSARA,0,0,400.00,0.0,0.0,0.0,0.0,0.0,0.0,0.0,0.0,0.0,0.0,,,
2007-05-01,IT,IRSRRA11,ROSARA,0,0,393.67,68.6,-16.2,0.0,0.0,0.0,0.0,0.0,0.0,0.0,0.0,,,
2007-05-01,IT,IRSRRA21,ROSARA,0,0,229.58,47.4,-18.0,0.0,0.0,0.0,0.0,0.0,0.0,0.0,0.0,,,
2007-05-01,IT,IRRKR121,ROSARA NK,0,0,229.47,0.0,0.0,0.0,0.0,0.0,0.0,0.0,0.0,0.0,0.0,,,
2007-05-01,IT,IRELF111,ROSELECTRA,0,2,407.76,0.0,0.0,-297.4,-2.4,-163.0,-386.0,194.6,-278.5,5.0,386.0,,,
2007-05-01,IT,IRSNF111,ROSEN,0,0,407.70,-96.5,36.1,0.0,0.0,0.0,0.0,0.0,0.0,0.0,0.0,,,
2007-05-01,IT,IRRSF111,ROSIGNANO,0,0,407.73,0.0,0.0,0.0,0.0,0.0,0.0,0.0,0.0,0.0,0.0,,,
2007-05-01,IT,IROAT121,ROSONE,0,0,235.36,0.0,0.0,0.0,0.0,0.0,0.0,0.0,0.0,0.0,0.0,,,
2007-05-01,IT,IROATA21,ROSONE,0,0,235.36,44.0,-10.2,0.0,0.0,0.0,0.0,0.0,0.0,0.0,0.0,,,
2007-05-01,IT,IROSN111,ROSSANO TE,0,2,395.58,15.7,77.8,-29.0,-9.8,-44.0,-114.0,41.7,-75.7,5.0,114.0,,,
2007-05-01,IT,IRLLR111,ROTELLO380,0,0,393.26,-0.7,-3.0,0.0,0.0,0.0,0.0,0.0,0.0,0.0,0.0,,,
2007-05-01,IT,IRZNM121,ROZZANO,0,0,240.10,16.5,-5.1,0.0,0.0,0.0,0.0,0.0,0.0,0.0,0.0,,,
2007-05-01,IT,IRUBFA11,RUBIERA,0,0,407.61,290.0,-21.7,0.0,0.0,0.0,0.0,0.0,0.0,0.0,0.0,,,
2007-05-01,IT,ISAZV121,S.ANT C.LE,0,0,230.02,0.0,0.0,0.0,0.0,0.0,0.0,0.0,0.0,0.0,0.0,,,
2007-05-01,IT,ISNTN121,S.ANTIMO,0,0,229.42,31.2,6.1,0.0,0.0,0.0,0.0,0.0,0.0,0.0,0.0,,,
2007-05-01,IT,ISATV121,S.ANTONIO,0,0,230.02,-0.0,-4.5,0.0,0.0,0.0,0.0,0.0,0.0,0.0,0.0,,,
2007-05-01,IT,ISBQF121,S.B.QUERCE,0,0,235.26,-0.2,-1.7,0.0,0.0,0.0,0.0,0.0,0.0,0.0,0.0,,,
2007-05-01,IT,ISBAF111,S.BARB.CLE,0,2,408.30,0.0,0.0,-103.5,34.7,-73.0,-139.0,85.2,-109.6,5.0,139.0,,,
2007-05-01,IT,ISBAF211,S.BARB.CLE,0,2,408.37,0.0,0.0,-192.5,-59.8,-147.0,-257.0,99.7,-160.2,5.0,257.0,,,
2007-05-01,IT,ISBSFA11,S.BARBARA,0,0,400.00,0.0,0.0,0.0,0.0,0.0,0.0,0.0,0.0,0.0,0.0,,,
2007-05-01,IT,ISBSFA12,S.BARBARA,0,0,408.33,0.0,0.0,0.0,0.0,0.0,0.0,0.0,0.0,0.0,0.0,,,
2007-05-01,IT,ISBSFA21,S.BARBARA,0,0,233.82,0.0,0.0,0.0,0.0,0.0,0.0,0.0,0.0,0.0,0.0,,,
2007-05-01,IT,ISCOT121,S.COLOM.GE,0,0,234.17,60.1,39.0,0.0,0.0,0.0,0.0,0.0,0.0,0.0,0.0,,,
2007-05-01,IT,ISCOTA21,S.COLOM.GE,0,0,234.17,0.0,0.0,0.0,0.0,0.0,0.0,0.0,0.0,0.0,0.0,,,
2007-05-01,IT,ISCRM121,S.CRISTOF,0,0,241.84,0.0,0.0,0.0,0.0,0.0,0.0,0.0,0.0,0.0,0.0,,,
2007-05-01,IT,ISDMF111,S.DAMASO,0,0,407.41,119.9,-19.1,0.0,0.0,0.0,0.0,0.0,0.0,0.0,0.0,,,
2007-05-01,IT,ISFIM111,S.FIORANO,0,0,417.55,0.0,0.0,0.0,0.0,0.0,0.0,0.0,0.0,0.0,0.0,,,
2007-05-01,IT,ISFLV121,S.FLORIANO,0,0,229.97,0.0,0.0,0.0,0.0,0.0,0.0,0.0,0.0,0.0,0.0,,,
2007-05-01,IT,ISGIR11Z,S.GIACO.CE,0,0,400.00,0.0,0.0,0.0,0.0,0.0,0.0,0.0,0.0,0.0,0.0,,,
2007-05-01,IT,ISGIR12Z,S.GIACO.CE,0,0,220.00,0.0,0.0,0.0,0.0,0.0,0.0,0.0,0.0,0.0,0.0,,,
2007-05-01,IT,ISGSR111,S.GIACO.SE,0,0,389.92,0.0,0.0,0.0,0.0,0.0,0.0,0.0,0.0,0.0,0.0,,,
2007-05-01,IT,ISGSR121,S.GIACO.SE,0,0,224.63,0.0,0.0,0.0,0.0,0.0,0.0,0.0,0.0,0.0,0.0,,,
2007-05-01,IT,ISIKR121,S.GIANK,0,0,224.86,0.0,0.0,0.0,0.0,0.0,0.0,0.0,0.0,0.0,0.0,,,
2007-05-01,IT,ISLUR111,S.LUCIA,0,0,397.68,14.7,-18.2,0.0,0.0,0.0,0.0,0.0,0.0,0.0,0.0,,,
2007-05-01,IT,ISLUR121,S.LUCIA,0,0,230.16,24.8,-31.6,0.0,0.0,0.0,0.0,0.0,0.0,0.0,0.0,,,
2007-05-01,IT,ISMRNA11,S.MARIA C.,0,0,398.49,204.9,-94.3,0.0,0.0,0.0,0.0,0.0,0.0,0.0,0.0,,,
2007-05-01,IT,ISMRN121,S.MARIA C.,0,0,229.42,0.0,0.0,0.0,0.0,0.0,0.0,0.0,0.0,0.0,0.0,,,
2007-05-01,IT,ISMVF111,S.MART. XX,0,0,404.14,122.2,15.1,0.0,0.0,0.0,0.0,0.0,0.0,0.0,0.0,,,
2007-05-01,IT,ISMCVA21,S.MASS. CE,0,0,233.28,0.0,0.0,0.0,0.0,0.0,0.0,0.0,0.0,0.0,0.0,,,
2007-05-01,IT,ISMCVA22,S.MASS. CE,0,0,233.28,0.0,0.0,0.0,0.0,0.0,0.0,0.0,0.0,0.0,0.0,,,
2007-05-01,IT,ISMSV121,S.MASSENZA,0,0,233.28,0.0,0.0,0.0,0.0,0.0,0.0,0.0,0.0,0.0,0.0,,,
2007-05-01,IT,ISPCV12Z,S.PANCRAZ.,0,0,220.00,0.0,0.0,0.0,0.0,0.0,0.0,0.0,0.0,0.0,0.0,,,
2007-05-01,IT,ISPCVA21,S.PANCRAZ.,0,0,231.27,0.0,0.0,0.0,0.0,0.0,0.0,0.0,0.0,0.0,0.0,,,
2007-05-01,IT,ISROM111,S.ROCCO PO,0,0,408.64,266.6,-47.8,0.0,0.0,0.0,0.0,0.0,0.0,0.0,0.0,,,
2007-05-01,IT,ISSEN121,S.SEBAST.,0,0,229.85,24.9,0.4,0.0,0.0,0.0,0.0,0.0,0.0,0.0,0.0,,,
2007-05-01,IT,ISEVN111,S.SEVER380,0,0,395.23,-3.2,-3.3,0.0,0.0,0.0,0.0,0.0,0.0,0.0,0.0,,,
2007-05-01,IT,ISSONA11,S.SOFIA,0,0,397.60,-3.9,265.7,0.0,0.0,0.0,0.0,0.0,0.0,0.0,0.0,,,
2007-05-01,IT,ISSONA21,S.SOFIA,0,0,229.39,0.0,0.0,0.0,0.0,0.0,0.0,0.0,0.0,0.0,0.0,,,
2007-05-01,IT,ISSONB21,S.SOFIA,0,0,229.39,0.0,0.0,0.0,0.0,0.0,0.0,0.0,0.0,0.0,0.0,,,
2007-05-01,IT,ISVCV121,S.VALB. CP,0,0,231.32,0.3,-1.2,0.0,0.0,0.0,0.0,0.0,0.0,0.0,0.0,,,
2007-05-01,IT,ISVCV221,S.VALB. CP,0,0,231.32,0.3,0.3,0.0,0.0,0.0,0.0,0.0,0.0,0.0,0.0,,,
2007-05-01,IT,ISVAV121,S.VALBURGA,0,0,231.32,0.0,0.0,0.0,0.0,0.0,0.0,0.0,0.0,0.0,0.0,,,
2007-05-01,IT,ISVLN121,S.VALENTIN,0,0,229.12,41.2,10.2,0.0,0.0,0.0,0.0,0.0,0.0,0.0,0.0,,,
2007-05-01,IT,ISFAV121,SAFAU NK,0,0,235.40,0.0,0.0,0.0,0.0,0.0,0.0,0.0,0.0,0.0,0.0,,,
2007-05-01,IT,ISALN121,SALERNO N,0,0,228.34,8.4,2.1,0.0,0.0,0.0,0.0,0.0,0.0,0.0,0.0,,,
2007-05-01,IT,ISLGV111,SALGAREDA,0,0,408.04,82.0,3.3,0.0,0.0,0.0,0.0,0.0,0.0,0.0,0.0,,,
2007-05-01,IT,ISLGV121,SALGAREDA,0,0,234.92,35.0,-7.4,0.0,0.0,0.0,0.0,0.0,0.0,0.0,0.0,,,
2007-05-01,IT,ISLVT121,SALVEMINI,0,0,233.16,37.4,-21.9,0.0,0.0,0.0,0.0,0.0,0.0,0.0,0.0,,,
2007-05-01,IT,ISAEVA21,SANDRA',0,0,236.46,0.0,0.0,0.0,0.0,0.0,0.0,0.0,0.0,0.0,0.0,,,
2007-05-01,IT,ISNGV111,SANDRIGO,0,0,407.58,273.6,5.1,0.0,0.0,0.0,0.0,0.0,0.0,0.0,0.0,,,
2007-05-01,IT,ISANT121,SANGONE,0,0,233.03,48.2,-5.2,0.0,0.0,0.0,0.0,0.0,0.0,0.0,0.0,,,
2007-05-01,IT,ISANT122,SANGONE,0,0,233.17,8.6,-0.5,0.0,0.0,0.0,0.0,0.0,0.0,0.0,0.0,,,
2007-05-01,IT,ISAVT121,SAVONA,0,0,234.20,75.2,14.8,0.0,0.0,0.0,0.0,0.0,0.0,0.0,0.0,,,
2007-05-01,IT,ISAVTA21,SAVONA,0,0,234.20,0.0,0.0,0.0,0.0,0.0,0.0,0.0,0.0,0.0,0.0,,,
2007-05-01,IT,ISCTN121,SCAFATI SE,0,0,229.37,36.2,-57.8,0.0,0.0,0.0,0.0,0.0,0.0,0.0,0.0,,,
2007-05-01,IT,ISCDN111,SCANDALE,0,0,394.35,38.6,111.4,0.0,0.0,0.0,0.0,0.0,0.0,0.0,0.0,,,
2007-05-01,IT,ISCCN111,SCANDALECE,0,0,394.34,0.0,0.0,0.0,0.0,0.0,0.0,0.0,0.0,0.0,0.0,,,
2007-05-01,IT,ISCIN111,SCILLA,0,0,403.19,70.4,-55.0,0.0,0.0,0.0,0.0,0.0,0.0,0.0,0.0,,,
2007-05-01,IT,ISCIN21Z,SCILLA,0,0,400.00,0.0,0.0,0.0,0.0,0.0,0.0,0.0,0.0,0.0,0.0,,,
2007-05-01,IT,ISCIN31Z,SCILLA,0,0,400.00,0.0,0.0,0.0,0.0,0.0,0.0,0.0,0.0,0.0,0.0,,,
2007-05-01,IT,ISCRV121,SCORZE',0,0,234.71,138.7,-29.9,0.0,0.0,0.0,0.0,0.0,0.0,0.0,0.0,,,
2007-05-01,IT,ISECN121,SECONDIGL.,0,0,229.62,45.4,6.8,0.0,0.0,0.0,0.0,0.0,0.0,0.0,0.0,,,
2007-05-01,IT,IEFEF111,SEF FERRAR,0,2,406.04,0.0,0.0,-150.0,121.4,-215.0,-400.0,174.6,-329.6,5.0,400.0,,,
2007-05-01,IT,ISGTM12Z,SEGRATE,0,0,220.00,0.0,0.0,0.0,0.0,0.0,0.0,0.0,0.0,0.0,0.0,,,
2007-05-01,IT,ISERM111,SERMIDE,0,0,405.27,0.0,0.0,0.0,0.0,0.0,0.0,0.0,0.0,0.0,0.0,,,
2007-05-01,IT,ISERMB11,SERMIDE,0,2,405.21,0.0,0.0,-294.6,84.1,-180.0,-405.0,197.1,-437.7,5.0,405.0,,,
2007-05-01,IT,ISERMC11,SERMIDE,0,3,405.16,0.0,0.0,-759.1,151.2,-382.0,-770.0,253.0,-532.5,5.0,770.0,,,
2007-05-01,IT,ISSGM121,SESTO S.G.,0,0,241.36,53.1,0.1,0.0,0.0,0.0,0.0,0.0,0.0,0.0,0.0,,,
2007-05-01,IT,ISTVN111,SET TEVER.,0,2,398.54,0.0,0.0,-340.3,20.1,-200.0,-400.0,115.2,-260.2,5.0,400.0,,,
2007-05-01,IT,ISIDR121,SIDERURGIC,0,0,227.62,203.8,24.5,0.0,0.0,0.0,0.0,0.0,0.0,0.0,0.0,,,
2007-05-01,IT,ISCRN111,SIMERI CRI,0,2,398.57,0.0,0.0,-512.8,-102.2,-387.0,-837.0,349.3,-648.5,4.3,837.0,,,
2007-05-01,IT,ISIZV12Z,SINIGO ZI,0,0,220.00,0.0,0.0,0.0,0.0,0.0,0.0,0.0,0.0,0.0,0.0,,,
2007-05-01,IT,ISOMV121,SOMPLAGO,0,0,232.17,0.0,0.0,0.0,0.0,0.0,0.0,0.0,0.0,0.0,0.0,,,
2007-05-01,IT,ISOMV12M,SOMPLAGO,0,0,232.17,0.0,0.0,0.0,0.0,0.0,0.0,0.0,0.0,0.0,0.0,,,
2007-05-01,IT,ISOMVA21,SOMPLAGO,0,0,232.17,7.4,18.8,0.0,0.0,0.0,0.0,0.0,0.0,0.0,0.0,,,
2007-05-01,IT,ISONM121,SONDRIO,0,0,240.39,23.7,15.5,0.0,0.0,0.0,0.0,0.0,0.0,0.0,0.0,,,
2007-05-01,IT,ISOVVA21,SOVERZENE,0,0,234.39,0.0,0.0,0.0,0.0,0.0,0.0,0.0,0.0,0.0,0.0,,,
2007-05-01,IT,ISPNN111,SPARANISE,0,2,398.47,0.0,0.0,-672.5,13.3,-504.0,-800.0,310.3,-548.5,3.8,800.0,,,
2007-05-01,IT,ISPZT11Z,SPEZIA CE,0,0,400.00,0.0,0.0,0.0,0.0,0.0,0.0,0.0,0.0,0.0,0.0,,,
2007-05-01,IT,ISPZT211,SPEZIA CE,0,0,409.21,0.0,0.0,0.0,0.0,0.0,0.0,0.0,0.0,0.0,0.0,,,
2007-05-01,IT,ISPZT121,SPEZIA CE,0,0,236.56,0.0,0.7,0.0,0.0,0.0,0.0,0.0,0.0,0.0,0.0,,,
2007-05-01,IT,ISPET211,SPEZIA STA,0,0,409.21,138.8,-12.1,0.0,0.0,0.0,0.0,0.0,0.0,0.0,0.0,,,
2007-05-01,IT,ISPET121,SPEZIA STA,0,0,236.56,0.0,0.0,0.0,0.0,0.0,0.0,0.0,0.0,0.0,0.0,,,
2007-05-01,IT,ISPET221,SPEZIA STA,0,0,236.56,0.0,0.0,0.0,0.0,0.0,0.0,0.0,0.0,0.0,0.0,,,
2007-05-01,IT,IS52V121,ST.5-213NK,0,0,234.65,0.0,0.0,0.0,0.0,0.0,0.0,0.0,0.0,0.0,0.0,,,
2007-05-01,IT,IS5AV121,ST.5-259NK,0,0,234.62,0.0,0.0,0.0,0.0,0.0,0.0,0.0,0.0,0.0,0.0,,,
2007-05-01,IT,IST1VA21,STAZIONE 1,0,0,234.62,0.0,0.0,0.0,0.0,0.0,0.0,0.0,0.0,0.0,0.0,,,
2007-05-01,IT,IST3VA21,STAZIONE 3,0,0,234.60,0.0,0.0,0.0,0.0,0.0,0.0,0.0,0.0,0.0,0.0,,,
2007-05-01,IT,IST4V121,STAZIONE 4,0,0,234.59,0.1,-9.3,0.0,0.0,0.0,0.0,0.0,0.0,0.0,0.0,,,
2007-05-01,IT,IST4V321,STAZIONE 4,0,0,234.63,0.0,0.0,0.0,0.0,0.0,0.0,0.0,0.0,0.0,0.0,,,
2007-05-01,IT,IST4V421,STAZIONE 4,0,0,234.64,0.0,0.0,0.0,0.0,0.0,0.0,0.0,0.0,0.0,0.0,,,
2007-05-01,IT,IST4V62Z,STAZIONE 4,0,0,220.00,0.0,0.0,0.0,0.0,0.0,0.0,0.0,0.0,0.0,0.0,,,
2007-05-01,IT,IST4V72Z,STAZIONE 4,0,0,220.00,0.0,0.0,0.0,0.0,0.0,0.0,0.0,0.0,0.0,0.0,,,
2007-05-01,IT,IST4VA21,STAZIONE 4,0,0,234.59,3.7,4.1,0.0,0.0,0.0,0.0,0.0,0.0,0.0,0.0,,,
2007-05-01,IT,IST4VA22,STAZIONE 4,0,0,234.61,5.0,3.9,0.0,0.0,0.0,0.0,0.0,0.0,0.0,0.0,,,
2007-05-01,IT,IST4VD21,STAZIONE 4,0,0,234.64,0.0,0.0,0.0,0.0,0.0,0.0,0.0,0.0,0.0,0.0,,,
2007-05-01,IT,IST5V121,STAZIONE 5,0,0,220.00,0.0,0.0,0.0,0.0,0.0,0.0,0.0,0.0,0.0,0.0,,,
2007-05-01,IT,IST5V12M,STAZIONE 5,0,0,234.66,0.0,0.0,0.0,0.0,0.0,0.0,0.0,0.0,0.0,0.0,,,
2007-05-01,IT,IST5V12N,STAZIONE 5,0,0,234.62,0.0,0.0,0.0,0.0,0.0,0.0,0.0,0.0,0.0,0.0,,,
2007-05-01,IT,ISTUT121,STURA,0,0,232.79,186.3,-9.0,0.0,0.0,0.0,0.0,0.0,0.0,0.0,0.0,,,
2007-05-01,IT,ISUVF21Z,SUVERETO,0,0,400.00,0.0,0.0,0.0,0.0,0.0,0.0,0.0,0.0,0.0,0.0,,,
2007-05-01,IT,ISUVFA11,SUVERETO,0,0,401.64,-125.1,198.4,0.0,0.0,0.0,0.0,0.0,0.0,0.0,0.0,,,
2007-05-01,IT,ISUVFB11,SUVERETO,0,0,401.68,58.9,-51.1,0.0,0.0,0.0,0.0,0.0,0.0,0.0,0.0,,,
2007-05-01,IT,ISVEV121,SVEPPI,0,0,220.00,0.0,0.0,0.0,0.0,0.0,0.0,0.0,0.0,0.0,0.0,,,
2007-05-01,IT,ISVEV12M,SVEPPI,0,0,234.71,0.0,0.0,0.0,0.0,0.0,0.0,0.0,0.0,0.0,0.0,,,
2007-05-01,IT,ITVDR111,T.VALD.TP,0,0,397.69,0.0,0.0,0.0,0.0,0.0,0.0,0.0,0.0,0.0,0.0,,,
2007-05-01,IT,ITVDR211,T.VALD.TP,0,0,397.69,0.0,0.0,0.0,0.0,0.0,0.0,0.0,0.0,0.0,0.0,,,
2007-05-01,IT,ITVNR111,T.VALDAL.N,0,0,397.65,3.0,0.7,0.0,0.0,0.0,0.0,0.0,0.0,0.0,0.0,,,
2007-05-01,IT,ITVNR112,T.VALDAL.N,0,2,397.86,9.7,4.2,-434.7,-4.9,-350.0,-660.0,209.9,-448.0,5.0,660.0,,,
2007-05-01,IT,ITVNR211,T.VALDAL.N,0,2,397.90,0.0,0.0,-434.8,-5.7,-325.0,-660.0,249.6,-370.7,5.0,660.0,,,
2007-05-01,IT,ITAIVA21,TAIO,0,0,231.33,-4.4,128.6,0.0,0.0,0.0,0.0,0.0,0.0,0.0,0.0,,,
2007-05-01,IT,ITCEV121,TAIO CE,0,0,231.33,0.0,0.0,0.0,0.0,0.0,0.0,0.0,0.0,0.0,0.0,,,
2007-05-01,IT,ITCEV122,TAIO CE,0,0,231.33,0.0,0.0,0.0,0.0,0.0,0.0,0.0,0.0,0.0,0.0,,,
2007-05-01,IT,ITN2N111,TARANTO N2,0,0,394.49,-87.9,-47.0,0.0,0.0,0.0,0.0,0.0,0.0,0.0,0.0,,,
2007-05-01,IT,ITN2N121,TARANTO N2,0,0,228.03,0.0,0.0,0.0,0.0,0.0,0.0,0.0,0.0,0.0,0.0,,,
2007-05-01,IT,ITN2N221,TARANTO N2,0,0,227.01,0.0,0.0,0.0,0.0,0.0,0.0,0.0,0.0,0.0,0.0,,,
2007-05-01,IT,ITN2N321,TARANTO N2,0,0,225.57,0.0,0.0,0.0,0.0,0.0,0.0,0.0,0.0,0.0,0.0,,,
2007-05-01,IT,ITSMN121,TARANTO SM,0,0,225.15,0.0,0.0,0.0,0.0,0.0,0.0,0.0,0.0,0.0,0.0,,,
2007-05-01,IT,ITSMN12M,TARANTO SM,0,0,227.03,0.0,0.0,0.0,0.0,0.0,0.0,0.0,0.0,0.0,0.0,,,
2007-05-01,IT,ITSMN221,TARANTO SM,0,0,225.18,0.0,0.0,0.0,0.0,0.0,0.0,0.0,0.0,0.0,0.0,,,
2007-05-01,IT,ITSMN321,TARANTO SM,0,0,228.29,0.0,0.0,0.0,0.0,0.0,0.0,0.0,0.0,0.0,0.0,,,
2007-05-01,IT,ITVZF111,TAVARNUZZE,0,0,407.59,141.8,-42.3,0.0,0.0,0.0,0.0,0.0,0.0,0.0,0.0,,,
2007-05-01,IT,ITZNM111,TAVAZZ. ST,0,0,408.08,164.9,-1.4,0.0,0.0,0.0,0.0,0.0,0.0,0.0,0.0,,,
2007-05-01,IT,ITZNM121,TAVAZZ. ST,0,0,239.53,0.0,0.0,0.0,0.0,0.0,0.0,0.0,0.0,0.0,0.0,,,
2007-05-01,IT,ITZ2M121,TAVAZZ.220,0,0,239.63,0.0,0.0,0.0,0.0,0.0,0.0,0.0,0.0,0.0,0.0,,,
2007-05-01,IT,ITZ2MA21,TAVAZZ.220,0,0,239.63,0.0,0.0,0.0,0.0,0.0,0.0,0.0,0.0,0.0,0.0,,,
2007-05-01,IT,ITZ2MA22,TAVAZZ.220,0,0,239.63,0.0,0.0,0.0,0.0,0.0,0.0,0.0,0.0,0.0,0.0,,,
2007-05-01,IT,ITZCM111,TAVAZZ.CE,0,2,407.94,0.0,0.0,-666.1,191.0,-164.0,-749.0,296.0,-603.0,2.5,749.0,,,
2007-05-01,IT,ITZCM211,TAVAZZ.CE,0,2,408.00,0.0,0.0,-227.2,118.2,-165.0,-384.0,269.9,-472.0,2.6,384.0,,,
2007-05-01,IT,ITZCM31Z,TAVAZZ.CE,0,0,400.00,0.0,0.0,0.0,0.0,0.0,0.0,0.0,0.0,0.0,0.0,,,
2007-05-01,IT,ITZCM41Z,TAVAZZ.CE,0,0,400.00,0.0,0.0,0.0,0.0,0.0,0.0,0.0,0.0,0.0,0.0,,,
2007-05-01,IT,ITEAN121,TEANO,0,0,229.23,6.9,0.4,0.0,0.0,0.0,0.0,0.0,0.0,0.0,0.0,,,
2007-05-01,IT,ITCPN121,TECNOPARCO,0,2,210.80,0.0,0.0,-27.7,15.3,0.0,-24.0,12.3,-16.9,3.0,24.1,,,
2007-05-01,IT,ITCPN22Z,TECNOPARCO,0,0,220.00,0.0,0.0,0.0,0.0,0.0,0.0,0.0,0.0,0.0,0.0,,,
2007-05-01,IT,ITCATA21,TEKSID CAR,0,0,232.74,0.0,-1.4,0.0,0.0,0.0,0.0,0.0,0.0,0.0,0.0,,,
2007-05-01,IT,ITERR111,TERAMO,0,0,389.73,0.0,244.9,0.0,0.0,0.0,0.0,0.0,0.0,0.0,0.0,,,
2007-05-01,IT,ITENR11Z,TERMOLI,0,0,400.00,0.0,0.0,0.0,0.0,0.0,0.0,0.0,0.0,0.0,0.0,,,
2007-05-01,IT,IVTIM121,TIRANO ST,0,0,244.52,-34.7,-9.2,0.0,0.0,0.0,0.0,0.0,0.0,0.0,0.0,,,
2007-05-01,IT,ITOCT121,TO CENTRO,0,0,232.95,44.8,-3.0,0.0,0.0,0.0,0.0,0.0,0.0,0.0,0.0,,,
2007-05-01,IT,ITOWT121,TO OVEST,0,0,233.13,41.1,-2.8,0.0,0.0,0.0,0.0,0.0,0.0,0.0,0.0,,,
2007-05-01,IT,ITOST121,TO SUD,0,0,233.02,41.4,-1.4,0.0,0.0,0.0,0.0,0.0,0.0,0.0,0.0,,,
2007-05-01,IT,ITNCT121,TO.NOR CE,0,0,232.56,0.0,0.0,0.0,0.0,0.0,0.0,0.0,0.0,0.0,0.0,,,
2007-05-01,IT,ITNCT221,TO.NOR CE,0,0,232.56,0.0,-0.2,0.0,0.0,0.0,0.0,0.0,0.0,0.0,0.0,,,
2007-05-01,IT,ITNCT321,TO.NOR CE,0,2,232.57,0.0,0.0,-94.4,27.1,0.0,-280.0,107.7,-250.3,5.0,280.5,,,
2007-05-01,IT,ITNCT421,TO.NOR CE,0,2,232.56,0.0,0.0,-52.4,17.7,-30.0,-140.0,55.6,-129.7,5.0,140.0,,,
2007-05-01,IT,ITRBV121,TORBOLE,0,0,233.98,0.0,0.0,0.0,0.0,0.0,0.0,0.0,0.0,0.0,0.0,,,
2007-05-01,IT,ITONT121,TORINO N,0,0,232.56,0.0,0.0,0.0,0.0,0.0,0.0,0.0,0.0,0.0,0.0,,,
2007-05-01,IT,ITNSF121,TORNOLO,0,0,235.55,1.0,-8.7,0.0,0.0,0.0,0.0,0.0,0.0,0.0,0.0,,,
2007-05-01,IT,ITROF121,TORNOLO C.,0,0,235.55,-2.0,0.6,0.0,0.0,0.0,0.0,0.0,0.0,0.0,0.0,,,
2007-05-01,IT,ITONN121,TORRE N,0,0,229.20,82.5,9.2,0.0,0.0,0.0,0.0,0.0,0.0,0.0,0.0,,,
2007-05-01,IT,ITRSV111,TORVISCOSA,0,2,408.44,0.0,0.0,-731.3,150.8,-39.4,-785.0,243.0,-375.5,3.7,785.0,,,
2007-05-01,IT,ITRVM111,TRAVAGLIAT,0,0,411.45,181.2,38.5,0.0,0.0,0.0,0.0,0.0,0.0,0.0,0.0,,,
2007-05-01,IT,ITNSVA21,TRENTO SUD,0,0,232.38,28.8,2.0,0.0,0.0,0.0,0.0,0.0,0.0,0.0,0.0,,,
2007-05-01,IT,ITVSV121,TREVISOSUD,0,0,234.92,14.4,-5.9,0.0,0.0,0.0,0.0,0.0,0.0,0.0,0.0,,,
2007-05-01,IT,ITVSV22Z,TREVISOSUD,0,0,220.00,0.0,0.0,0.0,0.0,0.0,0.0,0.0,0.0,0.0,0.0,,,
2007-05-01,IT,ITVSV32Z,TREVISOSUD,0,0,220.00,0.0,0.0,0.0,0.0,0.0,0.0,0.0,0.0,0.0,0.0,,,
2007-05-01,IT,ITVSVA2Z,TREVISOSUD,0,0,220.00,0.0,0.0,0.0,0.0,0.0,0.0,0.0,0.0,0.0,0.0,,,
2007-05-01,IT,ITNOT111,TRINO,0,0,405.62,0.0,0.0,0.0,0.0,0.0,0.0,0.0,0.0,0.0,0.0,,,
2007-05-01,IT,ITRNT121,TRINO 220,0,0,231.80,0.2,-0.3,0.0,0.0,0.0,0.0,0.0,0.0,0.0,0.0,,,
2007-05-01,IT,ITRMT121,TRM,0,2,233.07,0.0,0.0,-41.7,40.9,-3.4,-68.0,32.0,-60.0,5.0,68.0,,,
2007-05-01,IT,ITOIN111,TROIA 380,0,0,399.21,-30.1,-28.8,0.0,0.0,0.0,0.0,0.0,0.0,0.0,0.0,,,
2007-05-01,IT,ITUNM111,TURANO,0,0,408.53,0.0,0.0,0.0,0.0,0.0,0.0,0.0,0.0,0.0,0.0,,,
2007-05-01,IT,ITUNM211,TURANO,0,0,408.53,0.0,0.0,0.0,0.0,0.0,0.0,0.0,0.0,0.0,0.0,,,
2007-05-01,IT,ITURM111,TURBIGO,0,2,409.71,0.0,0.0,-265.5,14.8,-15.0,-300.0,148.0,-252.3,5.0,300.0,,,
2007-05-01,IT,ITURM211,TURBIGO,0,2,409.72,0.0,0.0,-131.2,3.2,-13.2,-264.0,291.6,-259.0,5.0,263.5,,,
2007-05-01,IT,ITURM311,TURBIGO,0,2,409.61,0.0,0.0,-131.0,77.6,-60.0,-320.0,168.2,-260.4,5.0,320.0,,,
2007-05-01,IT,ITURM41Z,TURBIGO,0,0,400.00,0.0,0.0,0.0,0.0,0.0,0.0,0.0,0.0,0.0,0.0,,,
2007-05-01,IT,ITURM511,TURBIGO,0,0,409.67,0.0,0.0,0.0,0.0,0.0,0.0,0.0,0.0,0.0,0.0,,,
2007-05-01,IT,ITURM611,TURBIGO,0,0,409.67,0.0,0.0,0.0,0.0,0.0,0.0,0.0,0.0,0.0,0.0,,,
2007-05-01,IT,ITBGM111,TURBIGO ST,0,0,409.72,85.1,-30.9,0.0,0.0,0.0,0.0,0.0,0.0,0.0,0.0,,,
2007-05-01,IT,ITBGM211,TURBIGO ST,0,0,409.67,92.1,-4.8,0.0,0.0,0.0,0.0,0.0,0.0,0.0,0.0,,,
2007-05-01,IT,ITBGM121,TURBIGO ST,0,0,234.14,0.0,0.0,0.0,0.0,0.0,0.0,0.0,0.0,0.0,0.0,,,
2007-05-01,IT,ITUSR111,TUSCANIA,0,0,400.09,-50.6,0.4,0.0,0.0,0.0,0.0,0.0,0.0,0.0,0.0,,,
2007-05-01,IT,ITUSN121,TUSCIANO,0,0,227.66,61.9,21.1,0.0,0.0,0.0,0.0,0.0,0.0,0.0,0.0,,,
2007-05-01,IT,IUDNVA21,UDINE N.E.,0,0,234.70,-30.7,-5.1,0.0,0.0,0.0,0.0,0.0,0.0,0.0,0.0,,,
2007-05-01,IT,IUSTV111,UDINE SUD,0,0,409.41,0.0,0.0,0.0,0.0,0.0,0.0,0.0,0.0,0.0,0.0,,,
2007-05-01,IT,IUSTV121,UDINE SUD,0,0,235.75,0.0,0.0,0.0,0.0,0.0,0.0,0.0,0.0,0.0,0.0,,,
2007-05-01,IT,IUSTV12M,UDINE SUD,0,0,235.41,0.0,0.0,0.0,0.0,0.0,0.0,0.0,0.0,0.0,0.0,,,
2007-05-01,IT,IUDOV111,UDINEOVEST,0,0,408.63,202.0,205.8,0.0,0.0,0.0,0.0,0.0,0.0,0.0,0.0,,,
2007-05-01,IT,ICSIM12Z,UT CESI,0,0,220.00,0.0,0.0,0.0,0.0,0.0,0.0,0.0,0.0,0.0,0.0,,,
2007-05-01,IT,IDLNM121,UT DALMINE,0,0,239.42,131.6,59.2,0.0,0.0,0.0,0.0,0.0,0.0,0.0,0.0,,,
2007-05-01,IT,IDLNM12M,UT DALMINE,0,0,239.50,0.0,0.0,0.0,0.0,0.0,0.0,0.0,0.0,0.0,0.0,,,
2007-05-01,IT,IVDLT111,VADO LIGU.,0,0,406.27,0.0,0.0,0.0,0.0,0.0,0.0,0.0,0.0,0.0,0.0,,,
2007-05-01,IT,IVDLT121,VADO LIGU.,0,0,234.23,0.0,0.0,0.0,0.0,0.0,0.0,0.0,0.0,0.0,0.0,,,
2007-05-01,IT,IVDTT11Z,VADO TERM.,0,0,400.00,0.0,0.0,0.0,0.0,0.0,0.0,0.0,0.0,0.0,0.0,,,
2007-05-01,IT,IVDTT21Z,VADO TERM.,0,0,400.00,0.0,0.0,0.0,0.0,0.0,0.0,0.0,0.0,0.0,0.0,,,
2007-05-01,IT,IVDTT511,VADO TERM.,0,2,406.20,0.0,0.0,-281.0,88.2,-230.0,-580.0,299.4,-429.3,5.0,580.0,,,
2007-05-01,IT,IVLMRA11,VALMONTONE,0,0,394.68,115.3,177.9,0.0,0.0,0.0,0.0,0.0,0.0,0.0,0.0,,,
2007-05-01,IT,IVALT121,VALPELLINE,0,0,237.64,-9.5,-16.6,0.0,0.0,0.0,0.0,0.0,0.0,0.0,0.0,,,
2007-05-01,IT,IVELVA21,VELLAI,0,0,233.48,56.2,-17.6,0.0,0.0,0.0,0.0,0.0,0.0,0.0,0.0,,,
2007-05-01,IT,IVNST111,VENAUS,0,0,407.94,36.4,-19.4,0.0,0.0,0.0,0.0,0.0,0.0,0.0,0.0,,,
2007-05-01,IT,IVEZV111,VENEZIA N.,0,0,407.50,226.3,-49.3,0.0,0.0,0.0,0.0,0.0,0.0,0.0,0.0,,,
2007-05-01,IT,IKVNMA21,VENINA,0,2,233.44,-21.5,-22.6,20.6,29.1,0.0,-126.0,61.2,-97.3,4.0,125.7,,,
2007-05-01,IT,IVRPT121,VERAMPIO,0,0,239.34,0.0,0.0,0.0,0.0,0.0,0.0,0.0,0.0,0.0,0.0,,,
2007-05-01,IT,IVRPT122,VERAMPIO,0,0,239.34,0.0,0.0,0.0,0.0,0.0,0.0,0.0,0.0,0.0,0.0,,,
2007-05-01,IT,IVRPTA21,VERAMPIO,0,2,239.34,31.1,15.7,-11.0,-1.1,-2.0,-40.0,40.0,-28.0,6.0,40.0,,,
2007-05-01,IT,IVCIT121,VERCELLI N,0,0,239.47,24.9,7.7,0.0,0.0,0.0,0.0,0.0,0.0,0.0,0.0,,,
2007-05-01,IT,IVERMA11,VERDERIO,0,0,412.82,244.8,124.9,0.0,0.0,0.0,0.0,0.0,0.0,0.0,0.0,,,
2007-05-01,IT,IVERMA21,VERDERIO,0,0,240.99,0.0,0.0,0.0,0.0,0.0,0.0,0.0,0.0,0.0,0.0,,,
2007-05-01,IT,IVIMV121,VICENZA MV,0,0,234.53,65.6,-16.2,0.0,0.0,0.0,0.0,0.0,0.0,0.0,0.0,,,
2007-05-01,IT,IVIAV121,VICENZA NK,0,0,234.52,0.0,0.0,0.0,0.0,0.0,0.0,0.0,0.0,0.0,0.0,,,
2007-05-01,IT,IVIGTA11,VIGNOLE B.,0,0,407.18,115.6,21.9,0.0,0.0,0.0,0.0,0.0,0.0,0.0,0.0,,,
2007-05-01,IT,IVIGTA21,VIGNOLE B.,0,0,234.29,0.0,0.0,0.0,0.0,0.0,0.0,0.0,0.0,0.0,0.0,,,
2007-05-01,IT,IVILTA21,VILLA,0,0,236.30,0.0,-3.3,0.0,0.0,0.0,0.0,0.0,0.0,0.0,0.0,,,
2007-05-01,IT,IVILV121,VILLABONA,0,0,234.61,67.3,-7.9,0.0,0.0,0.0,0.0,0.0,0.0,0.0,0.0,,,
2007-05-01,IT,IVLKR111,VILLAN.NK,0,0,392.37,0.0,0.0,0.0,0.0,0.0,0.0,0.0,0.0,0.0,0.0,,,
2007-05-01,IT,IVLPR111,VILLAN.PST,0,0,392.36,0.0,0.0,0.0,0.0,0.0,0.0,0.0,0.0,0.0,0.0,,,
2007-05-01,IT,IVLPR11Z,VILLAN.PST,0,0,400.00,0.0,0.0,0.0,0.0,0.0,0.0,0.0,0.0,0.0,0.0,,,
2007-05-01,IT,IVLLR11Z,VILLANOVA,0,0,400.00,0.0,0.0,0.0,0.0,0.0,0.0,0.0,0.0,0.0,0.0,,,
2007-05-01,IT,IVLLR21Z,VILLANOVA,0,0,400.00,0.0,0.0,0.0,0.0,0.0,0.0,0.0,0.0,0.0,0.0,,,
2007-05-01,IT,IVLLRA11,VILLANOVA,0,0,392.37,130.4,-20.1,0.0,0.0,0.0,0.0,0.0,0.0,0.0,0.0,,,
2007-05-01,IT,IVLLRA21,VILLANOVA,0,0,227.07,0.0,0.0,0.0,0.0,0.0,0.0,0.0,0.0,0.0,0.0,,,
2007-05-01,IT,IVLVR111,VILLAVALLE,0,0,400.63,180.8,-32.8,0.0,0.0,0.0,0.0,0.0,0.0,0.0,0.0,,,
2007-05-01,IT,IVLVR121,VILLAVALLE,0,0,227.70,-20.9,-34.4,0.0,0.0,0.0,0.0,0.0,0.0,0.0,0.0,,,
2007-05-01,IT,IVLVR12M,VILLAVALLE,0,0,225.64,0.0,0.0,0.0,0.0,0.0,0.0,0.0,0.0,0.0,0.0,,,
2007-05-01,IT,IVLNT121,VILLENEUVE,0,0,237.65,-14.4,-2.0,0.0,0.0,0.0,0.0,0.0,0.0,0.0,0.0,,,
2007-05-01,IT,IVGRM111,VOGHERA,0,2,406.16,0.0,0.0,-336.9,72.4,-19.0,-380.0,218.1,-316.9,5.0,380.0,,,
2007-05-01,IT,IVGHM111,VOGHERA ST,0,0,406.21,0.0,0.0,0.0,0.0,0.0,0.0,0.0,0.0,0.0,0.0,,,
2007-05-01,IT,IVRBV121,VR BORGOMI,0,0,236.39,11.9,2.7,0.0,0.0,0.0,0.0,0.0,0.0,0.0,0.0,,,
2007-05-01,IT,##ZXX,,,,,,,,,,,,,,,,,
2007-05-01,IT,XLI_SO21,AT-IT1,1,0,220.00,0.0,0.0,0.0,0.0,0.0,0.0,0.0,0.0,0.0,0.0,,,
2007-05-01,IT,XB._CA21,FR-IT1,1,0,237.51,-211.6,-7.9,0.0,0.0,0.0,0.0,0.0,0.0,0.0,0.0,,,
2007-05-01,IT,XAL_RO11,FR-IT2,1,0,397.35,-777.9,-21.9,0.0,0.0,0.0,0.0,0.0,0.0,0.0,0.0,,,
2007-05-01,IT,XAL_RO12,FR-IT3,1,0,397.36,-776.7,-21.8,0.0,0.0,0.0,0.0,0.0,0.0,0.0,0.0,,,
2007-05-01,IT,XVL_VE11,FR-IT4,1,0,408.93,-342.7,-44.2,0.0,0.0,0.0,0.0,0.0,0.0,0.0,0.0,,,
2007-05-01,IT,XKO_LA11,IT-ME1,1,0,420.14,599.4,-157.1,0.0,0.0,0.0,0.0,0.0,0.0,0.0,0.0,,,
2007-05-01,IT,XKO_LA12,IT-ME2,1,0,420.17,-0.1,-79.5,0.0,0.0,0.0,0.0,0.0,0.0,0.0,0.0,,,
2007-05-01,IT,XPA_DI21,IT-SI1,1,0,220.00,0.0,0.0,0.0,0.0,0.0,0.0,0.0,0.0,0.0,0.0,,,
2007-05-01,IT,XRE_DI11,IT-SI2,1,0,411.69,-162.7,-76.3,0.0,0.0,0.0,0.0,0.0,0.0,0.0,0.0,,,
2007-05-01,IT,XRI_AV21,IT-CH1,1,0,238.38,-75.7,-0.1,0.0,0.0,0.0,0.0,0.0,0.0,0.0,0.0,,,
2007-05-01,IT,XSO_BU11,IT-CH2,1,0,415.29,-757.5,-6.0,0.0,0.0,0.0,0.0,0.0,0.0,0.0,0.0,,,
2007-05-01,IT,XME_CA11,IT-CH3,1,0,412.28,-64.0,-102.2,0.0,0.0,0.0,0.0,0.0,0.0,0.0,0.0,,,
2007-05-01,IT,XRO_GO11,IT-CH4,1,0,417.39,36.8,-64.2,0.0,0.0,0.0,0.0,0.0,0.0,0.0,0.0,,,
2007-05-01,IT,XGO_ME21,IT-CH5,1,0,240.33,8.9,33.7,0.0,0.0,0.0,0.0,0.0,0.0,0.0,0.0,,,
2007-05-01,IT,XLA_MU11,IT-CH6,1,0,405.59,-779.4,218.7,0.0,0.0,0.0,0.0,0.0,0.0,0.0,0.0,,,
2007-05-01,IT,XSE_PA21,IT-CH7,1,0,238.84,-36.1,20.9,0.0,0.0,0.0,0.0,0.0,0.0,0.0,0.0,,,
2007-05-01,IT,XAL_PO21,IT-CH8,1,0,239.75,12.0,-10.1,0.0,0.0,0.0,0.0,0.0,0.0,0.0,0.0,,,
2007-05-01,IT,XRO_SF11,IT-CH9,1,0,418.74,-36.8,-56.2,0.0,0.0,0.0,0.0,0.0,0.0,0.0,0.0,,,
2007-05-01,IT,XRI_VA21,IT-CH10,1,0,238.41,-87.0,-1.9,0.0,0.0,0.0,0.0,0.0,0.0,0.0,0.0,,,
2007-05-01,IT,XPI_GI11,IT-IT1,1,0,400.00,0.0,0.0,0.0,0.0,0.0,0.0,0.0,0.0,0.0,0.0,,,
2007-05-01,IT,XPI_GI12,IT-IT2,1,0,404.32,-0.0,0.3,0.0,0.0,0.0,0.0,0.0,0.0,0.0,0.0,,,
2007-05-01,IT,XAR_GA1I,GR-IT1,1,0,394.28,516.1,144.5,0.0,0.0,0.0,0.0,0.0,0.0,0.0,0.0,,,
